t	dist	lensw	cy	cx	npx
0.00	nan	nan	nan	nan	0
0.25	nan	nan	nan	nan	0
0.50	nan	nan	nan	nan	0
0.75	nan	nan	nan	nan	0
1.00	nan	nan	nan	nan	0
1.25	nan	nan	nan	nan	0
1.50	nan	nan	nan	nan	0
1.75	nan	nan	nan	nan	0
2.00	nan	nan	nan	nan	0
2.25	nan	nan	nan	nan	0
2.50	nan	nan	nan	nan	0
2.75	nan	nan	nan	nan	4
3.00	nan	nan	nan	nan	1
3.25	nan	nan	nan	nan	5
3.50	nan	nan	nan	nan	6
3.75	nan	nan	nan	nan	8
4.00	nan	nan	nan	nan	7
4.25	nan	nan	nan	nan	5
4.50	nan	nan	nan	nan	4
4.75	63.2	40.0	0.289	0.508	406
5.00	64.2	40.0	0.313	0.523	389
5.25	66.5	41.0	0.349	0.516	365
5.50	67.0	39.0	0.385	0.508	365
5.75	73.9	45.0	0.327	0.518	374
6.00	73.5	44.0	0.345	0.516	466
6.25	73.0	44.0	0.347	0.520	448
6.50	60.1	37.0	0.268	0.469	316
6.75	61.4	38.0	0.294	0.468	306
7.00	60.4	37.0	0.277	0.485	281
7.25	60.9	39.0	0.301	0.505	293
7.50	61.7	38.0	0.306	0.527	297
7.75	67.7	38.0	0.330	0.545	274
8.00	70.3	38.0	0.339	0.552	292
8.25	52.5	34.0	0.344	0.554	302
8.50	52.1	33.0	0.332	0.568	301
8.75	51.5	32.0	0.341	0.576	294
9.00	51.3	35.0	0.350	0.574	303
9.25	52.2	33.0	0.352	0.569	286
9.50	nan	nan	nan	nan	0
9.75	nan	nan	nan	nan	0
10.00	nan	nan	nan	nan	0
10.25	nan	nan	nan	nan	0
10.50	nan	nan	nan	nan	0
10.75	nan	nan	nan	nan	0
11.00	nan	nan	nan	nan	0
11.25	nan	nan	nan	nan	0
11.50	nan	nan	nan	nan	0
11.75	nan	nan	nan	nan	0
12.00	83.1	52.0	0.392	0.556	639
12.25	83.0	52.0	0.357	0.543	626
12.50	84.0	53.0	0.375	0.549	649
12.75	77.4	50.0	0.336	0.579	574
13.00	75.3	49.0	0.332	0.585	590
13.25	75.2	49.0	0.342	0.585	555
13.50	51.5	31.0	0.325	0.569	277
13.75	51.3	32.0	0.337	0.573	305
14.00	52.5	33.0	0.324	0.568	302
14.25	47.2	32.0	0.287	0.536	247
14.50	50.2	32.0	0.295	0.531	290
14.75	53.7	34.0	0.307	0.540	313
15.00	55.6	36.0	0.329	0.539	295
15.25	58.7	36.0	0.358	0.527	332
15.50	56.5	36.0	0.358	0.519	305
15.75	62.1	39.0	0.365	0.522	323
16.00	64.1	40.0	0.371	0.530	373
16.25	23.1	7.0	0.107	0.231	40
16.50	nan	nan	nan	nan	0
16.75	nan	nan	nan	nan	1
17.00	nan	nan	nan	nan	0
17.25	nan	nan	nan	nan	0
17.50	nan	nan	nan	nan	0
17.75	nan	nan	nan	nan	0
18.00	nan	nan	nan	nan	0
18.25	nan	nan	nan	nan	0
18.50	nan	nan	nan	nan	0
18.75	nan	nan	nan	nan	0
19.00	nan	nan	nan	nan	0
19.25	nan	nan	nan	nan	0
19.50	nan	nan	nan	nan	0
19.75	nan	nan	nan	nan	0
20.00	nan	nan	nan	nan	0
20.25	nan	nan	nan	nan	0
20.50	nan	nan	nan	nan	0
20.75	nan	nan	nan	nan	0
21.00	57.0	34.0	0.352	0.541	289
21.25	57.7	35.0	0.346	0.529	264
21.50	60.7	35.0	0.381	0.533	301
21.75	61.7	37.0	0.388	0.546	323
22.00	60.4	36.0	0.377	0.553	315
22.25	58.1	38.0	0.372	0.569	300
22.50	65.4	40.0	0.362	0.576	381
22.75	65.8	42.0	0.358	0.588	385
23.00	63.5	37.0	0.408	0.595	329
23.25	nan	nan	nan	nan	5
23.50	nan	nan	nan	nan	5
23.75	nan	nan	nan	nan	3
24.00	nan	nan	nan	nan	2
24.25	nan	nan	nan	nan	7
24.50	nan	nan	nan	nan	7
24.75	nan	nan	nan	nan	6
25.00	nan	nan	nan	nan	7
25.25	nan	nan	nan	nan	6
25.50	nan	nan	nan	nan	9
25.75	nan	nan	nan	nan	4
26.00	nan	nan	nan	nan	8
26.25	50.2	16.0	0.426	0.558	370
26.50	50.2	16.0	0.426	0.558	370
26.75	50.2	16.0	0.426	0.558	370
27.00	50.2	16.0	0.426	0.558	370
27.25	50.2	16.0	0.426	0.558	370
27.50	50.2	16.0	0.426	0.558	370
27.75	50.2	16.0	0.426	0.558	370
28.00	64.6	34.0	0.434	0.537	230
28.25	62.7	37.0	0.407	0.576	343
28.50	60.2	37.0	0.400	0.587	320
28.75	60.1	37.0	0.382	0.587	297
29.00	60.7	38.0	0.409	0.571	324
29.25	60.4	38.0	0.403	0.569	312
29.50	60.0	38.0	0.396	0.576	301
29.75	57.0	36.0	0.361	0.577	306
30.00	56.1	35.0	0.360	0.582	291
30.25	55.7	35.0	0.363	0.583	287
30.50	59.5	34.0	0.394	0.575	266
30.75	53.1	32.0	0.361	0.584	267
31.00	53.5	32.0	0.351	0.577	269
31.25	54.6	34.0	0.357	0.567	274
31.50	61.6	36.0	0.392	0.561	255
31.75	62.5	34.0	0.400	0.557	253
32.00	56.7	35.0	0.381	0.559	281
32.25	70.4	45.0	0.351	0.549	383
32.50	65.3	40.0	0.350	0.564	375
32.75	70.5	42.0	0.353	0.553	379
33.00	68.9	42.0	0.356	0.561	401
33.25	68.8	42.0	0.366	0.563	382
33.50	61.4	34.0	0.405	0.540	256
33.75	56.5	34.0	0.410	0.549	232
34.00	58.1	31.0	0.395	0.558	258
34.25	53.7	33.0	0.375	0.564	273
34.50	54.1	35.0	0.349	0.545	295
34.75	61.2	37.0	0.414	0.535	282
35.00	63.7	32.0	0.393	0.539	253
35.25	54.1	34.0	0.392	0.556	236
35.50	52.5	32.0	0.400	0.563	245
35.75	53.3	32.0	0.398	0.558	259
36.00	nan	nan	nan	nan	36
36.25	nan	nan	nan	nan	38
36.50	nan	nan	nan	nan	33
36.75	nan	nan	nan	nan	26
37.00	nan	nan	nan	nan	30
37.25	nan	nan	nan	nan	25
37.50	nan	nan	nan	nan	38
37.75	nan	nan	nan	nan	34
38.00	nan	nan	nan	nan	42
38.25	nan	nan	nan	nan	30
38.50	nan	nan	nan	nan	28
38.75	nan	nan	nan	nan	38
39.00	59.2	39.0	0.344	0.549	356
39.25	59.6	38.0	0.348	0.533	324
39.50	59.6	38.0	0.333	0.528	353
39.75	59.0	38.0	0.321	0.502	349
40.00	61.4	39.0	0.346	0.514	309
40.25	67.5	39.0	0.357	0.530	274
40.50	59.8	36.0	0.353	0.552	299
40.75	53.3	35.0	0.342	0.585	308
41.00	53.2	32.0	0.316	0.585	186
41.25	47.2	25.0	0.305	0.593	139
41.50	51.2	29.0	0.320	0.592	190
41.75	52.7	31.0	0.319	0.579	182
42.00	53.3	30.0	0.318	0.570	161
42.25	nan	nan	nan	nan	62
42.50	50.5	31.0	0.306	0.529	264
42.75	54.2	34.0	0.340	0.515	250
43.00	57.3	36.0	0.348	0.529	270
43.25	59.2	36.0	0.347	0.532	267
43.50	60.2	34.0	0.367	0.461	268
43.75	57.2	34.0	0.375	0.461	283
44.00	58.6	32.0	0.368	0.468	249
44.25	56.8	34.0	0.359	0.451	234
44.50	54.7	34.0	0.361	0.451	218
44.75	54.8	34.0	0.344	0.469	237
45.00	56.9	34.0	0.348	0.484	250
45.25	58.6	35.0	0.363	0.485	262
45.50	58.8	35.0	0.367	0.483	269
45.75	57.6	34.0	0.361	0.483	304
46.00	54.0	34.0	0.340	0.502	290
46.25	50.9	31.0	0.334	0.529	240
46.50	52.5	31.0	0.331	0.537	277
46.75	72.6	37.0	0.361	0.532	336
47.00	67.4	39.0	0.392	0.496	369
47.25	69.8	39.0	0.352	0.511	312
47.50	62.3	36.0	0.369	0.523	352
47.75	57.8	33.0	0.394	0.586	246
48.00	59.1	34.0	0.384	0.585	243
48.25	59.4	35.0	0.384	0.581	258
48.50	57.3	36.0	0.393	0.577	309
48.75	nan	nan	nan	nan	0
49.00	nan	nan	nan	nan	0
49.25	nan	nan	nan	nan	0
49.50	nan	nan	nan	nan	0
49.75	nan	nan	nan	nan	0
50.00	nan	nan	nan	nan	0
50.25	nan	nan	nan	nan	0
50.50	nan	nan	nan	nan	0
50.75	nan	nan	nan	nan	0
51.00	nan	nan	nan	nan	0
51.25	nan	nan	nan	nan	0
51.50	nan	nan	nan	nan	0
51.75	nan	nan	nan	nan	0
52.00	nan	nan	nan	nan	0
52.25	nan	nan	nan	nan	0
52.50	66.8	42.0	0.287	0.472	481
52.75	65.4	41.0	0.277	0.479	451
53.00	66.7	42.0	0.280	0.503	479
53.25	69.0	44.0	0.288	0.525	482
53.50	75.7	43.0	0.343	0.539	442
53.75	nan	nan	nan	nan	302
54.00	89.4	32.0	0.337	0.545	278
54.25	74.6	45.0	0.367	0.550	474
54.50	73.1	45.0	0.316	0.552	430
54.75	83.4	39.0	0.322	0.547	389
55.00	56.7	36.0	0.305	0.518	437
55.25	56.9	36.0	0.298	0.511	376
55.50	57.3	36.0	0.291	0.504	403
55.75	57.4	36.0	0.291	0.497	369
56.00	57.4	37.0	0.296	0.496	364
56.25	60.1	37.0	0.315	0.496	343
56.50	60.2	36.0	0.352	0.475	295
56.75	60.3	33.0	0.370	0.463	253
57.00	60.5	33.0	0.375	0.465	265
57.25	58.2	38.0	0.323	0.486	393
57.50	64.0	39.0	0.329	0.505	337
57.75	59.2	39.0	0.328	0.539	498
58.00	57.7	36.0	0.322	0.538	521
58.25	56.7	36.0	0.313	0.537	463
58.50	58.7	38.0	0.322	0.527	389
58.75	61.0	38.0	0.360	0.504	356
59.00	61.9	38.0	0.362	0.501	362
59.25	67.8	36.0	0.350	0.501	326
59.50	66.7	38.0	0.337	0.496	304
59.75	58.9	36.0	0.303	0.496	421
60.00	69.2	35.0	0.341	0.503	324
60.25	69.1	36.0	0.357	0.513	312
60.50	59.8	37.0	0.340	0.528	305
60.75	58.5	36.0	0.340	0.538	299
61.00	nan	nan	nan	nan	0
61.25	nan	nan	nan	nan	0
61.50	nan	nan	nan	nan	0
61.75	nan	nan	nan	nan	0
62.00	nan	nan	nan	nan	0
62.25	nan	nan	nan	nan	0
62.50	nan	nan	nan	nan	0
62.75	nan	nan	nan	nan	0
63.00	nan	nan	nan	nan	0
63.25	nan	nan	nan	nan	0
63.50	nan	nan	nan	nan	0
63.75	56.8	35.0	0.349	0.482	295
64.00	56.9	36.0	0.365	0.492	293
64.25	57.3	34.0	0.376	0.501	331
64.50	58.6	34.0	0.392	0.510	281
64.75	61.3	34.0	0.411	0.520	289
65.00	64.2	36.0	0.450	0.532	274
65.25	68.0	37.0	0.482	0.551	274
65.50	68.6	36.0	0.498	0.577	262
65.75	68.0	36.0	0.505	0.588	239
66.00	70.0	38.0	0.500	0.589	251
66.25	71.2	39.0	0.498	0.583	248
66.50	68.0	39.0	0.488	0.579	323
66.75	70.0	38.0	0.439	0.582	341
67.00	58.9	36.0	0.387	0.590	364
67.25	59.8	39.0	0.378	0.580	362
67.50	60.7	39.0	0.370	0.575	407
67.75	81.5	50.0	0.356	0.555	602
68.00	80.0	52.0	0.358	0.554	598
68.25	82.7	51.0	0.402	0.548	610
68.50	85.4	50.0	0.385	0.540	558
68.75	85.9	50.0	0.385	0.540	539
69.00	390.1	186.0	0.818	0.716	19765
69.25	390.5	190.0	0.818	0.716	20000
69.50	nan	nan	nan	nan	20206
69.75	nan	nan	nan	nan	20438
70.00	nan	nan	nan	nan	20650
70.25	nan	nan	nan	nan	20956
70.50	nan	nan	nan	nan	21172
70.75	nan	nan	nan	nan	21270
71.00	nan	nan	nan	nan	21317
71.25	60.5	37.0	0.391	0.561	284
71.50	62.0	38.0	0.398	0.565	280
71.75	62.6	37.0	0.404	0.550	284
72.00	64.1	38.0	0.431	0.522	317
72.25	65.3	37.0	0.474	0.498	276
72.50	64.6	38.0	0.450	0.491	299
72.75	65.5	40.0	0.430	0.498	325
73.00	59.5	38.0	0.350	0.494	369
73.25	57.7	36.0	0.315	0.481	320
73.50	53.7	30.0	0.283	0.480	191
73.75	nan	nan	nan	nan	170
74.00	59.4	35.0	0.223	0.467	331
74.25	68.3	43.0	0.340	0.469	364
74.50	72.8	44.0	0.363	0.497	438
74.75	nan	nan	nan	nan	10
75.00	nan	nan	nan	nan	13
75.25	nan	nan	nan	nan	11
75.50	nan	nan	nan	nan	11
75.75	nan	nan	nan	nan	10
76.00	nan	nan	nan	nan	10
76.25	nan	nan	nan	nan	11
76.50	nan	nan	nan	nan	11
76.75	nan	nan	nan	nan	9
77.00	nan	nan	nan	nan	4
77.25	nan	nan	nan	nan	7
77.50	nan	nan	nan	nan	5
77.75	nan	nan	nan	nan	6
78.00	nan	nan	nan	nan	9
78.25	nan	nan	nan	nan	4
78.50	nan	nan	nan	nan	4
78.75	nan	nan	nan	nan	5
79.00	nan	nan	nan	nan	5
79.25	nan	nan	nan	nan	5
79.50	nan	nan	nan	nan	4
79.75	nan	nan	nan	nan	4
80.00	nan	nan	nan	nan	0
80.25	62.8	35.0	0.377	0.569	241
80.50	57.2	37.0	0.354	0.559	291
80.75	55.9	36.0	0.328	0.553	285
81.00	54.5	35.0	0.312	0.543	282
81.25	51.6	32.0	0.300	0.540	259
81.50	56.1	34.0	0.311	0.542	298
81.75	56.4	34.0	0.320	0.543	305
82.00	56.6	36.0	0.316	0.547	320
82.25	62.4	37.0	0.357	0.559	274
82.50	65.6	37.0	0.372	0.553	295
82.75	56.1	34.0	0.296	0.423	371
83.00	54.9	34.0	0.287	0.428	241
83.25	53.7	35.0	0.290	0.435	285
83.50	56.5	35.0	0.309	0.445	324
83.75	56.3	35.0	0.307	0.451	318
84.00	55.4	35.0	0.308	0.437	341
84.25	54.4	35.0	0.292	0.428	331
84.50	55.8	35.0	0.293	0.451	347
84.75	61.3	36.0	0.347	0.447	332
85.00	67.7	43.0	0.279	0.550	549
85.25	68.2	42.0	0.281	0.587	515
85.50	59.2	36.0	0.315	0.651	464
85.75	66.6	43.0	0.305	0.637	520
86.00	64.9	42.0	0.269	0.579	504
86.25	68.0	45.0	0.284	0.538	471
86.50	69.3	44.0	0.289	0.520	518
86.75	65.5	42.0	0.255	0.499	509
87.00	66.5	41.0	0.242	0.497	373
87.25	66.6	38.0	0.239	0.496	556
87.50	59.7	40.0	0.234	0.486	561
87.75	62.3	40.0	0.245	0.498	494
88.00	67.1	42.0	0.276	0.527	540
88.25	69.8	41.0	0.320	0.547	438
88.50	67.6	40.0	0.317	0.554	391
88.75	nan	nan	nan	nan	0
89.00	nan	nan	nan	nan	0
89.25	nan	nan	nan	nan	0
89.50	nan	nan	nan	nan	0
89.75	nan	nan	nan	nan	1
90.00	nan	nan	nan	nan	1
90.25	nan	nan	nan	nan	1
90.50	nan	nan	nan	nan	1
90.75	nan	nan	nan	nan	1
91.00	nan	nan	nan	nan	0
91.25	nan	nan	nan	nan	0
91.50	nan	nan	nan	nan	0
91.75	nan	nan	nan	nan	0
92.00	nan	nan	nan	nan	0
92.25	nan	nan	nan	nan	0
92.50	nan	nan	nan	nan	0
92.75	64.4	40.0	0.297	0.515	435
93.00	62.5	40.0	0.285	0.500	490
93.25	60.5	40.0	0.281	0.483	421
93.50	60.1	38.0	0.280	0.474	428
93.75	54.4	35.0	0.271	0.460	365
94.00	60.4	38.0	0.296	0.466	427
94.25	62.0	39.0	0.309	0.490	399
94.50	61.5	39.0	0.313	0.516	425
94.75	62.9	40.0	0.322	0.538	445
95.00	64.1	41.0	0.338	0.540	427
95.25	64.3	40.0	0.338	0.539	432
95.50	63.8	38.0	0.336	0.533	415
95.75	59.2	37.0	0.299	0.524	447
96.00	60.4	38.0	0.329	0.518	447
96.25	60.8	38.0	0.325	0.527	444
96.50	59.8	38.0	0.319	0.532	417
96.75	58.2	37.0	0.363	0.526	355
97.00	68.0	39.0	0.373	0.544	364
97.25	62.4	38.0	0.395	0.559	448
97.50	60.1	38.0	0.334	0.470	311
97.75	57.8	37.0	0.319	0.485	356
98.00	58.2	37.0	0.334	0.535	328
98.25	59.9	38.0	0.356	0.573	329
98.50	63.1	39.0	0.370	0.582	314
98.75	65.2	40.0	0.392	0.591	301
99.00	62.2	39.0	0.394	0.576	335
99.25	62.1	38.0	0.402	0.583	336
99.50	62.5	37.0	0.427	0.588	344
99.75	62.9	38.0	0.415	0.597	350
100.00	63.0	41.0	0.427	0.607	335
100.25	53.5	27.0	0.419	0.597	233
100.50	62.1	37.0	0.419	0.597	314
100.75	62.6	38.0	0.437	0.593	339
101.00	62.2	39.0	0.409	0.584	329
101.25	62.4	40.0	0.434	0.598	328
101.50	62.5	39.0	0.433	0.592	321
101.75	63.0	38.0	0.409	0.584	347
102.00	nan	nan	nan	nan	0
102.25	nan	nan	nan	nan	0
102.50	nan	nan	nan	nan	0
102.75	nan	nan	nan	nan	0
103.00	nan	nan	nan	nan	0
103.25	nan	nan	nan	nan	0
103.50	nan	nan	nan	nan	165
103.75	nan	nan	nan	nan	0
104.00	nan	nan	nan	nan	0
104.25	nan	nan	nan	nan	0
104.50	nan	nan	nan	nan	0
104.75	70.9	43.0	0.321	0.501	408
105.00	68.8	43.0	0.306	0.497	405
105.25	66.6	42.0	0.271	0.476	436
105.50	66.5	42.0	0.258	0.464	439
105.75	68.8	42.0	0.314	0.478	376
106.00	71.8	43.0	0.333	0.493	413
106.25	61.5	37.0	0.460	0.520	321
106.50	60.2	37.0	0.427	0.520	309
106.75	nan	nan	nan	nan	182
107.00	59.3	36.0	0.416	0.533	262
107.25	61.1	37.0	0.438	0.538	274
107.50	62.6	37.0	0.446	0.541	304
107.75	63.4	35.0	0.439	0.548	298
108.00	60.5	36.0	0.412	0.568	287
108.25	65.7	42.0	0.322	0.537	445
108.50	65.8	42.0	0.283	0.513	457
108.75	79.5	33.0	0.321	0.509	364
109.00	71.0	42.0	0.348	0.501	418
109.25	77.7	40.0	0.322	0.510	391
109.50	71.1	43.0	0.349	0.517	460
109.75	58.9	35.0	0.367	0.480	214
110.00	58.4	34.0	0.369	0.483	220
110.25	59.4	34.0	0.374	0.481	208
110.50	58.8	35.0	0.418	0.497	240
110.75	58.3	35.0	0.402	0.498	264
111.00	59.4	35.0	0.401	0.498	271
111.25	60.4	35.0	0.426	0.496	226
111.50	61.3	30.0	0.373	0.496	171
111.75	63.3	32.0	0.318	0.512	264
112.00	58.1	35.0	0.347	0.513	266
112.25	58.5	33.0	0.368	0.513	291
112.50	52.3	33.0	0.316	0.547	259
112.75	52.0	32.0	0.317	0.520	230
113.00	51.0	31.0	0.312	0.516	214
113.25	49.4	31.0	0.303	0.492	231
113.50	51.8	32.0	0.314	0.490	244
113.75	50.9	32.0	0.337	0.491	209
114.00	49.9	30.0	0.342	0.490	202
114.25	53.4	32.0	0.311	0.500	233
114.50	51.6	30.0	0.284	0.481	214
114.75	60.1	38.0	0.249	0.448	318
115.00	nan	nan	nan	nan	3
115.25	nan	nan	nan	nan	5
115.50	nan	nan	nan	nan	1
115.75	nan	nan	nan	nan	3
116.00	nan	nan	nan	nan	5
116.25	nan	nan	nan	nan	3
116.50	nan	nan	nan	nan	0
116.75	nan	nan	nan	nan	0
117.00	nan	nan	nan	nan	0
117.25	nan	nan	nan	nan	0
117.50	57.6	32.0	0.365	0.467	208
117.75	54.5	34.0	0.343	0.477	255
118.00	58.0	35.0	0.343	0.500	229
118.25	61.4	34.0	0.372	0.518	238
118.50	60.1	35.0	0.390	0.534	297
118.75	52.5	33.0	0.335	0.564	290
119.00	57.1	33.0	0.347	0.552	203
119.25	56.8	33.0	0.339	0.547	214
119.50	59.8	34.0	0.358	0.541	215
119.75	56.6	34.0	0.372	0.542	255
120.00	57.2	33.0	0.370	0.542	264
120.25	51.3	29.0	0.392	0.546	261
120.50	56.7	34.0	0.387	0.545	299
120.75	57.9	36.0	0.374	0.543	346
121.00	61.3	36.0	0.357	0.543	307
121.25	58.5	36.0	0.371	0.544	329
121.50	58.6	37.0	0.380	0.542	324
121.75	60.6	37.0	0.340	0.556	306
122.00	63.9	36.0	0.359	0.573	315
122.25	60.7	37.0	0.379	0.587	363
122.50	nan	nan	nan	nan	3
122.75	nan	nan	nan	nan	2
123.00	nan	nan	nan	nan	2
123.25	nan	nan	nan	nan	3
123.50	nan	nan	nan	nan	5
123.75	nan	nan	nan	nan	26
124.00	nan	nan	nan	nan	41
124.25	44.3	14.0	0.934	0.969	166
124.50	nan	nan	nan	nan	38
124.75	nan	nan	nan	nan	97
125.00	nan	nan	nan	nan	17
125.25	nan	nan	nan	nan	63
125.50	nan	nan	nan	nan	37
125.75	nan	nan	nan	nan	9
126.00	nan	nan	nan	nan	0
126.25	nan	nan	nan	nan	0
126.50	nan	nan	nan	nan	13
126.75	nan	nan	nan	nan	4
127.00	nan	nan	nan	nan	32
127.25	61.9	41.0	0.291	0.607	441
127.50	61.2	40.0	0.287	0.615	399
127.75	61.0	41.0	0.284	0.615	385
128.00	62.2	38.0	0.265	0.609	390
128.25	62.7	41.0	0.293	0.604	389
128.50	67.1	42.0	0.305	0.598	354
128.75	67.7	42.0	0.307	0.592	388
129.00	68.8	40.0	0.300	0.569	381
129.25	63.7	42.0	0.273	0.579	394
129.50	63.2	42.0	0.264	0.583	379
129.75	62.1	41.0	0.260	0.588	400
130.00	66.7	42.0	0.285	0.584	397
130.25	68.6	41.0	0.307	0.579	409
130.50	nan	nan	nan	nan	6
130.75	nan	nan	nan	nan	6
131.00	nan	nan	nan	nan	7
131.25	nan	nan	nan	nan	9
131.50	nan	nan	nan	nan	5
131.75	nan	nan	nan	nan	4
132.00	nan	nan	nan	nan	8
132.25	nan	nan	nan	nan	8
132.50	nan	nan	nan	nan	7
132.75	nan	nan	nan	nan	2
133.00	nan	nan	nan	nan	4
133.25	nan	nan	nan	nan	3
133.50	nan	nan	nan	nan	3
133.75	nan	nan	nan	nan	2
134.00	nan	nan	nan	nan	2
134.25	nan	nan	nan	nan	3
134.50	54.8	34.0	0.382	0.597	251
134.75	nan	nan	nan	nan	233
135.00	nan	nan	nan	nan	225
135.25	nan	nan	nan	nan	211
135.50	51.3	32.0	0.335	0.574	242
135.75	53.7	32.0	0.362	0.577	218
136.00	53.5	33.0	0.369	0.576	236
136.25	52.6	32.0	0.368	0.570	229
136.50	52.1	34.0	0.338	0.578	257
136.75	54.0	33.0	0.346	0.595	256
137.00	53.3	34.0	0.351	0.600	263
137.25	54.5	33.0	0.364	0.575	243
137.50	53.8	35.0	0.344	0.584	249
137.75	53.7	35.0	0.358	0.586	236
138.00	54.5	34.0	0.363	0.584	267
138.25	54.2	34.0	0.359	0.585	270
138.50	53.6	34.0	0.346	0.595	253
138.75	53.0	33.0	0.361	0.604	259
139.00	55.5	36.0	0.385	0.597	265
139.25	54.8	35.0	0.375	0.602	278
139.50	53.8	37.0	0.369	0.607	289
139.75	76.9	18.0	0.978	0.250	41
140.00	nan	nan	nan	nan	15
140.25	nan	nan	nan	nan	28
140.50	nan	nan	nan	nan	20
140.75	nan	nan	nan	nan	28
141.00	nan	nan	nan	nan	0
141.25	nan	nan	nan	nan	0
141.50	nan	nan	nan	nan	0
141.75	nan	nan	nan	nan	0
142.00	nan	nan	nan	nan	0
142.25	nan	nan	nan	nan	0
142.50	nan	nan	nan	nan	0
142.75	nan	nan	nan	nan	0
143.00	nan	nan	nan	nan	0
143.25	nan	nan	nan	nan	0
143.50	nan	nan	nan	nan	0
143.75	nan	nan	nan	nan	0
144.00	nan	nan	nan	nan	0
144.25	nan	nan	nan	nan	0
144.50	nan	nan	nan	nan	0
144.75	nan	nan	nan	nan	0
145.00	nan	nan	nan	nan	0
145.25	nan	nan	nan	nan	0
145.50	nan	nan	nan	nan	0
145.75	nan	nan	nan	nan	0
146.00	nan	nan	nan	nan	0
146.25	nan	nan	nan	nan	0
146.50	nan	nan	nan	nan	0
146.75	63.4	39.0	0.282	0.538	348
147.00	67.5	40.0	0.356	0.540	346
147.25	69.9	38.0	0.391	0.540	282
147.50	75.1	36.0	0.430	0.541	178
147.75	74.2	40.0	0.409	0.545	238
148.00	70.3	40.0	0.399	0.549	274
148.25	70.6	39.0	0.398	0.549	283
148.50	48.4	32.0	0.291	0.502	251
148.75	43.6	25.0	0.262	0.490	189
149.00	42.3	24.0	0.263	0.483	186
149.25	42.6	28.0	0.261	0.474	163
149.50	nan	nan	nan	nan	99
149.75	nan	nan	nan	nan	93
150.00	46.9	27.0	0.312	0.477	157
150.25	50.2	32.0	0.333	0.487	210
150.50	50.8	32.0	0.333	0.488	214
150.75	53.8	32.0	0.354	0.512	219
151.00	55.7	34.0	0.334	0.498	211
151.25	55.3	34.0	0.350	0.495	215
151.50	53.7	31.0	0.362	0.472	231
151.75	52.6	34.0	0.347	0.490	210
152.00	53.3	34.0	0.323	0.510	286
152.25	nan	nan	nan	nan	141
152.50	nan	nan	nan	nan	105
152.75	55.2	35.0	0.327	0.498	273
153.00	48.8	30.0	0.285	0.471	241
153.25	53.8	33.0	0.306	0.486	292
153.50	56.3	36.0	0.341	0.488	242
153.75	59.7	37.0	0.338	0.494	249
154.00	52.2	26.0	0.291	0.512	164
154.25	55.1	33.0	0.326	0.540	274
154.50	53.2	33.0	0.347	0.564	254
154.75	61.8	41.0	0.317	0.512	347
155.00	59.9	39.0	0.331	0.508	312
155.25	63.4	41.0	0.310	0.517	307
155.50	64.6	41.0	0.299	0.520	361
155.75	66.3	41.0	0.302	0.520	337
156.00	74.6	39.0	0.318	0.538	306
156.25	70.0	41.0	0.331	0.541	332
156.50	68.6	40.0	0.309	0.558	310
156.75	58.2	35.0	0.352	0.607	295
157.00	66.1	39.0	0.346	0.591	338
157.25	64.5	39.0	0.356	0.586	356
157.50	63.4	38.0	0.368	0.591	345
157.75	62.5	37.0	0.377	0.594	343
158.00	nan	nan	nan	nan	0
158.25	nan	nan	nan	nan	0
158.50	nan	nan	nan	nan	0
158.75	nan	nan	nan	nan	0
159.00	nan	nan	nan	nan	0
159.25	nan	nan	nan	nan	0
159.50	nan	nan	nan	nan	0
159.75	nan	nan	nan	nan	0
160.00	nan	nan	nan	nan	0
160.25	nan	nan	nan	nan	0
160.50	nan	nan	nan	nan	0
160.75	nan	nan	nan	nan	0
161.00	nan	nan	nan	nan	0
161.25	nan	nan	nan	nan	0
161.50	nan	nan	nan	nan	0
161.75	nan	nan	nan	nan	0
162.00	nan	nan	nan	nan	0
162.25	nan	nan	nan	nan	0
162.50	nan	nan	nan	nan	0
162.75	nan	nan	nan	nan	324
163.00	29.1	22.0	0.017	0.872	55
163.25	nan	nan	nan	nan	0
163.50	nan	nan	nan	nan	0
163.75	nan	nan	nan	nan	0
164.00	nan	nan	nan	nan	0
164.25	nan	nan	nan	nan	0
164.50	nan	nan	nan	nan	0
164.75	nan	nan	nan	nan	0
165.00	nan	nan	nan	nan	0
165.25	nan	nan	nan	nan	0
165.50	nan	nan	nan	nan	0
165.75	nan	nan	nan	nan	0
166.00	nan	nan	nan	nan	0
166.25	133.2	93.0	0.505	0.361	1671
166.50	133.3	93.0	0.505	0.360	1668
166.75	133.3	93.0	0.505	0.360	1668
167.00	133.3	93.0	0.505	0.360	1668
167.25	133.3	93.0	0.505	0.360	1668
167.50	133.3	93.0	0.505	0.360	1668
167.75	133.3	93.0	0.505	0.360	1668
168.00	133.3	93.0	0.505	0.360	1668
168.25	133.3	93.0	0.505	0.360	1668
168.50	133.3	93.0	0.505	0.360	1668
168.75	133.3	93.0	0.505	0.360	1668
169.00	133.3	93.0	0.505	0.360	1668
169.25	133.3	93.0	0.505	0.360	1668
169.50	133.3	93.0	0.505	0.360	1669
169.75	133.3	93.0	0.505	0.360	1668
170.00	133.3	93.0	0.505	0.360	1668
170.25	133.3	93.0	0.505	0.360	1668
170.50	133.3	93.0	0.505	0.360	1668
170.75	133.3	93.0	0.505	0.360	1668
171.00	133.3	93.0	0.505	0.360	1668
171.25	134.4	93.0	0.505	0.360	1680
171.50	134.4	93.0	0.505	0.360	1680
171.75	134.4	93.0	0.505	0.360	1681
172.00	134.4	93.0	0.505	0.360	1681
172.25	63.3	39.0	0.465	0.579	304
172.50	65.1	39.0	0.432	0.557	302
172.75	61.9	39.0	0.391	0.550	307
173.00	61.5	38.0	0.367	0.526	310
173.25	63.3	40.0	0.371	0.510	319
173.50	66.4	41.0	0.382	0.520	321
173.75	62.2	38.0	0.374	0.526	275
174.00	61.4	38.0	0.318	0.529	299
174.25	62.7	36.0	0.322	0.530	241
174.50	62.1	35.0	0.331	0.538	242
174.75	56.5	35.0	0.307	0.530	279
175.00	55.5	34.0	0.285	0.522	263
175.25	55.4	35.0	0.284	0.522	251
175.50	54.8	34.0	0.287	0.521	251
175.75	54.7	33.0	0.290	0.521	245
176.00	54.3	33.0	0.291	0.530	230
176.25	53.4	32.0	0.290	0.547	221
176.50	54.7	35.0	0.312	0.581	274
176.75	56.1	36.0	0.326	0.597	272
177.00	59.4	36.0	0.343	0.604	236
177.25	59.7	35.0	0.344	0.598	223
177.50	55.4	32.0	0.327	0.569	219
177.75	56.0	35.0	0.332	0.582	242
178.00	57.1	35.0	0.342	0.617	241
178.25	63.6	32.0	0.370	0.612	203
178.50	49.1	30.0	0.339	0.471	248
178.75	45.1	30.0	0.321	0.441	184
179.00	48.3	25.0	0.303	0.441	151
179.25	50.9	31.0	0.319	0.458	226
179.50	51.9	33.0	0.349	0.471	213
179.75	nan	nan	nan	nan	176
180.00	nan	nan	nan	nan	104
180.25	55.4	35.0	0.353	0.520	285
180.50	52.5	34.0	0.378	0.512	254
180.75	59.6	35.0	0.352	0.531	239
181.00	61.2	34.0	0.369	0.532	238
181.25	nan	nan	nan	nan	20
181.50	nan	nan	nan	nan	18
181.75	nan	nan	nan	nan	17
182.00	nan	nan	nan	nan	17
182.25	nan	nan	nan	nan	19
182.50	nan	nan	nan	nan	19
182.75	nan	nan	nan	nan	19
183.00	nan	nan	nan	nan	19
183.25	nan	nan	nan	nan	20
183.50	nan	nan	nan	nan	20
183.75	nan	nan	nan	nan	22
184.00	nan	nan	nan	nan	22
184.25	nan	nan	nan	nan	22
184.50	nan	nan	nan	nan	22
184.75	nan	nan	nan	nan	22
185.00	nan	nan	nan	nan	22
185.25	nan	nan	nan	nan	22
185.50	nan	nan	nan	nan	28
185.75	nan	nan	nan	nan	64
186.00	nan	nan	nan	nan	27
186.25	nan	nan	nan	nan	22
186.50	nan	nan	nan	nan	21
186.75	nan	nan	nan	nan	24
187.00	nan	nan	nan	nan	21
187.25	nan	nan	nan	nan	24
187.50	nan	nan	nan	nan	25
187.75	nan	nan	nan	nan	22
188.00	68.8	47.0	0.321	0.665	1066
188.25	68.8	47.0	0.321	0.665	1066
188.50	68.8	47.0	0.321	0.665	1066
188.75	68.8	47.0	0.321	0.665	1066
189.00	68.8	47.0	0.321	0.665	1066
189.25	68.8	47.0	0.321	0.665	1066
189.50	68.8	47.0	0.321	0.665	1066
189.75	68.8	47.0	0.321	0.665	1066
190.00	68.8	47.0	0.321	0.665	1066
190.25	68.8	47.0	0.321	0.665	1066
190.50	68.8	47.0	0.321	0.665	1066
190.75	68.8	47.0	0.321	0.665	1066
191.00	68.8	47.0	0.321	0.665	1066
191.25	68.8	47.0	0.321	0.665	1066
191.50	68.8	47.0	0.321	0.665	1066
191.75	68.8	47.0	0.321	0.665	1066
192.00	71.7	46.0	0.320	0.497	571
192.25	72.2	46.0	0.323	0.521	544
192.50	72.1	46.0	0.319	0.519	589
192.75	71.1	46.0	0.307	0.523	518
193.00	69.3	45.0	0.303	0.557	513
193.25	70.4	45.0	0.326	0.609	552
193.50	74.1	46.0	0.362	0.633	546
193.75	75.4	48.0	0.376	0.630	560
194.00	74.8	47.0	0.369	0.629	523
194.25	74.3	47.0	0.366	0.623	569
194.50	74.2	48.0	0.370	0.629	567
194.75	75.2	48.0	0.376	0.631	564
195.00	78.2	48.0	0.391	0.636	516
195.25	84.9	43.0	0.397	0.639	467
195.50	53.0	34.0	0.379	0.589	294
195.75	54.0	33.0	0.397	0.596	234
196.00	58.6	35.0	0.396	0.605	199
196.25	55.0	35.0	0.399	0.602	257
196.50	58.0	36.0	0.426	0.608	287
196.75	59.0	35.0	0.448	0.598	294
197.00	nan	nan	nan	nan	8
197.25	nan	nan	nan	nan	10
197.50	nan	nan	nan	nan	1
197.75	nan	nan	nan	nan	2
198.00	nan	nan	nan	nan	2
198.25	nan	nan	nan	nan	2
198.50	nan	nan	nan	nan	6
198.75	nan	nan	nan	nan	10
199.00	nan	nan	nan	nan	14
199.25	55.4	35.0	0.373	0.532	239
199.50	56.1	34.0	0.348	0.541	255
199.75	55.8	34.0	0.350	0.531	252
200.00	56.4	35.0	0.353	0.525	253
200.25	57.3	37.0	0.370	0.521	258
200.50	59.1	36.0	0.376	0.516	250
200.75	65.1	33.0	0.386	0.523	221
201.00	69.5	42.0	0.296	0.506	334
201.25	68.1	42.0	0.284	0.511	381
201.50	67.2	42.0	0.263	0.526	351
201.75	72.6	42.0	0.287	0.541	287
202.00	67.6	40.0	0.283	0.548	349
202.25	73.9	41.0	0.325	0.550	338
202.50	75.8	38.0	0.320	0.550	291
202.75	nan	nan	nan	nan	0
203.00	nan	nan	nan	nan	0
203.25	nan	nan	nan	nan	0
203.50	nan	nan	nan	nan	0
203.75	nan	nan	nan	nan	0
204.00	nan	nan	nan	nan	0
204.25	nan	nan	nan	nan	0
204.50	nan	nan	nan	nan	0
204.75	nan	nan	nan	nan	0
205.00	nan	nan	nan	nan	0
205.25	56.6	35.0	0.394	0.559	298
205.50	56.1	35.0	0.366	0.560	260
205.75	55.9	34.0	0.365	0.572	270
206.00	57.1	34.0	0.360	0.575	296
206.25	57.0	33.0	0.361	0.571	267
206.50	55.8	35.0	0.377	0.564	274
206.75	59.1	35.0	0.396	0.558	186
207.00	60.2	37.0	0.398	0.567	239
207.25	56.3	34.0	0.375	0.561	270
207.50	55.0	35.0	0.377	0.572	252
207.75	60.8	33.0	0.497	0.569	155
208.00	61.0	33.0	0.506	0.554	163
208.25	62.1	34.0	0.496	0.549	180
208.50	61.7	35.0	0.485	0.550	197
208.75	62.8	35.0	0.468	0.541	230
209.00	54.1	35.0	0.422	0.529	211
209.25	58.5	36.0	0.386	0.553	234
209.50	63.9	40.0	0.280	0.561	381
209.75	65.6	40.0	0.297	0.582	346
210.00	69.6	39.0	0.309	0.582	350
210.25	70.9	35.0	0.315	0.578	299
210.50	53.6	32.0	0.394	0.499	262
210.75	53.6	33.0	0.378	0.506	250
211.00	52.7	30.0	0.350	0.502	164
211.25	48.8	25.0	0.352	0.509	164
211.50	50.1	28.0	0.356	0.512	177
211.75	50.4	31.0	0.357	0.510	168
212.00	51.1	27.0	0.350	0.499	170
212.25	51.4	32.0	0.356	0.500	185
212.50	53.1	31.0	0.355	0.500	217
212.75	53.3	32.0	0.358	0.504	235
213.00	54.7	33.0	0.380	0.503	233
213.25	55.0	34.0	0.381	0.502	234
213.50	54.0	34.0	0.377	0.499	297
213.75	nan	nan	nan	nan	8
214.00	nan	nan	nan	nan	13
214.25	nan	nan	nan	nan	10
214.50	nan	nan	nan	nan	15
214.75	nan	nan	nan	nan	10
215.00	nan	nan	nan	nan	6
215.25	nan	nan	nan	nan	16
215.50	nan	nan	nan	nan	6
215.75	nan	nan	nan	nan	8
216.00	nan	nan	nan	nan	8
216.25	nan	nan	nan	nan	21
216.50	68.2	43.0	0.280	0.506	419
216.75	70.2	44.0	0.290	0.546	395
217.00	70.0	44.0	0.282	0.542	395
217.25	65.4	41.0	0.264	0.503	331
217.50	62.4	39.0	0.254	0.470	349
217.75	69.7	43.0	0.301	0.446	394
218.00	71.3	45.0	0.354	0.433	386
218.25	66.8	45.0	0.317	0.560	509
218.50	68.0	42.0	0.291	0.566	510
218.75	68.6	42.0	0.284	0.571	474
219.00	68.4	43.0	0.285	0.570	474
219.25	68.4	43.0	0.285	0.565	476
219.50	65.8	42.0	0.302	0.577	529
219.75	nan	nan	nan	nan	368
220.00	56.9	17.0	0.377	0.626	297
220.25	nan	nan	nan	nan	32
220.50	nan	nan	nan	nan	27
220.75	nan	nan	nan	nan	26
221.00	nan	nan	nan	nan	30
221.25	nan	nan	nan	nan	31
221.50	nan	nan	nan	nan	36
221.75	nan	nan	nan	nan	34
222.00	nan	nan	nan	nan	31
222.25	nan	nan	nan	nan	27
222.50	nan	nan	nan	nan	35
222.75	nan	nan	nan	nan	40
223.00	nan	nan	nan	nan	29
223.25	nan	nan	nan	nan	36
223.50	64.6	39.0	0.422	0.515	322
223.75	64.6	40.0	0.416	0.509	328
224.00	63.9	39.0	0.399	0.520	327
224.25	64.0	38.0	0.387	0.540	291
224.50	64.2	40.0	0.410	0.546	296
224.75	63.8	39.0	0.406	0.545	311
225.00	62.5	39.0	0.400	0.543	309
225.25	61.8	39.0	0.401	0.543	307
225.50	59.6	38.0	0.376	0.551	341
225.75	59.6	37.0	0.364	0.573	291
226.00	59.7	37.0	0.360	0.562	285
226.25	59.0	37.0	0.368	0.566	262
226.50	56.0	35.0	0.379	0.570	338
226.75	nan	nan	nan	nan	205
227.00	58.3	23.0	0.354	0.565	177
227.25	68.5	28.0	0.426	0.574	215
227.50	70.9	25.0	0.405	0.557	195
227.75	60.0	35.0	0.413	0.534	254
228.00	57.7	36.0	0.397	0.555	272
228.25	58.1	37.0	0.396	0.563	261
228.50	59.2	36.0	0.401	0.584	268
228.75	56.6	33.0	0.415	0.610	259
229.00	55.6	33.0	0.431	0.629	246
229.25	56.5	33.0	0.435	0.633	263
229.50	59.5	34.0	0.450	0.623	218
229.75	58.9	33.0	0.452	0.618	205
230.00	nan	nan	nan	nan	20
230.25	nan	nan	nan	nan	32
230.50	nan	nan	nan	nan	15
230.75	nan	nan	nan	nan	16
231.00	nan	nan	nan	nan	21
231.25	nan	nan	nan	nan	29
231.50	nan	nan	nan	nan	20
231.75	nan	nan	nan	nan	7
232.00	nan	nan	nan	nan	5
232.25	nan	nan	nan	nan	5
232.50	nan	nan	nan	nan	5
232.75	nan	nan	nan	nan	6
233.00	nan	nan	nan	nan	6
233.25	nan	nan	nan	nan	6
233.50	nan	nan	nan	nan	5
233.75	63.0	31.0	0.382	0.471	209
234.00	53.7	32.0	0.347	0.440	238
234.25	57.4	32.0	0.375	0.438	197
234.50	65.6	39.0	0.335	0.466	283
234.75	61.1	39.0	0.319	0.508	338
235.00	66.3	40.0	0.327	0.535	282
235.25	73.1	38.0	0.352	0.549	276
235.50	66.6	39.0	0.369	0.556	338
235.75	nan	nan	nan	nan	0
236.00	nan	nan	nan	nan	0
236.25	nan	nan	nan	nan	0
236.50	nan	nan	nan	nan	0
236.75	nan	nan	nan	nan	0
237.00	nan	nan	nan	nan	0
237.25	nan	nan	nan	nan	0
237.50	nan	nan	nan	nan	0
237.75	nan	nan	nan	nan	1
238.00	nan	nan	nan	nan	0
238.25	nan	nan	nan	nan	0
238.50	nan	nan	nan	nan	0
238.75	nan	nan	nan	nan	0
239.00	nan	nan	nan	nan	0
239.25	56.5	34.0	0.403	0.465	269
239.50	55.9	34.0	0.391	0.456	248
239.75	51.6	32.0	0.325	0.464	238
240.00	52.5	31.0	0.326	0.489	226
240.25	54.8	34.0	0.387	0.499	223
240.50	53.1	33.0	0.340	0.514	257
240.75	53.3	33.0	0.340	0.512	277
241.00	65.3	39.0	0.377	0.504	354
241.25	60.5	37.0	0.324	0.534	385
241.50	73.1	36.0	0.350	0.548	310
241.75	69.1	39.0	0.364	0.568	321
242.00	68.7	36.0	0.474	0.567	233
242.25	65.3	31.0	0.466	0.539	199
242.50	62.9	32.0	0.434	0.519	219
242.75	62.1	39.0	0.358	0.557	354
243.00	64.0	40.0	0.363	0.585	298
243.25	68.4	40.0	0.378	0.604	311
243.50	75.1	35.0	0.408	0.580	270
243.75	70.7	40.0	0.413	0.565	304
244.00	66.0	33.0	0.491	0.587	197
244.25	69.1	30.0	0.544	0.597	104
244.50	78.8	21.0	0.550	0.600	71
244.75	79.3	18.0	0.558	0.600	49
245.00	88.6	53.0	0.382	0.419	692
245.25	85.3	54.0	0.324	0.515	808
245.50	85.1	53.0	0.327	0.561	700
245.75	84.0	55.0	0.337	0.568	737
246.00	53.3	33.0	0.390	0.606	270
246.25	54.2	34.0	0.387	0.608	253
246.50	51.6	34.0	0.392	0.613	226
246.75	57.2	34.0	0.398	0.602	229
247.00	57.2	34.0	0.399	0.603	218
247.25	57.6	34.0	0.399	0.602	226
247.50	57.4	33.0	0.403	0.602	238
247.75	55.3	33.0	0.395	0.603	237
248.00	55.0	34.0	0.377	0.598	243
248.25	54.2	33.0	0.362	0.598	228
248.50	53.9	33.0	0.357	0.587	247
248.75	55.2	33.0	0.357	0.572	239
249.00	55.9	34.0	0.371	0.567	245
249.25	55.2	36.0	0.373	0.565	241
249.50	53.8	34.0	0.370	0.607	253
249.75	54.9	35.0	0.368	0.601	252
250.00	55.1	33.0	0.367	0.599	249
250.25	55.1	33.0	0.363	0.546	246
250.50	58.3	35.0	0.367	0.556	283
250.75	57.9	34.0	0.372	0.578	271
251.00	56.1	34.0	0.338	0.569	285
251.25	55.8	33.0	0.330	0.565	261
251.50	58.8	37.0	0.362	0.573	301
251.75	59.5	36.0	0.374	0.574	300
252.00	nan	nan	nan	nan	0
252.25	nan	nan	nan	nan	0
252.50	nan	nan	nan	nan	0
252.75	nan	nan	nan	nan	1
253.00	nan	nan	nan	nan	0
253.25	nan	nan	nan	nan	0
253.50	nan	nan	nan	nan	0
253.75	nan	nan	nan	nan	0
254.00	nan	nan	nan	nan	0
254.25	nan	nan	nan	nan	0
254.50	nan	nan	nan	nan	0
254.75	nan	nan	nan	nan	0
255.00	49.5	31.0	0.318	0.557	252
255.25	53.1	28.0	0.324	0.578	151
255.50	53.3	33.0	0.350	0.574	270
255.75	55.3	35.0	0.364	0.574	253
256.00	nan	nan	nan	nan	145
256.25	59.5	29.0	0.462	0.539	157
256.50	nan	nan	nan	nan	153
256.75	nan	nan	nan	nan	160
257.00	60.6	29.0	0.475	0.563	157
257.25	58.0	29.0	0.484	0.582	145
257.50	54.4	33.0	0.332	0.536	362
257.75	56.1	35.0	0.321	0.532	290
258.00	75.6	35.0	0.367	0.557	335
258.25	68.3	42.0	0.406	0.573	402
258.50	72.2	40.0	0.384	0.577	333
258.75	63.2	41.0	0.372	0.547	349
259.00	65.5	42.0	0.362	0.544	388
259.25	64.0	39.0	0.354	0.564	380
259.50	73.5	41.0	0.393	0.566	323
259.75	52.9	34.0	0.352	0.467	255
260.00	49.7	31.0	0.379	0.443	206
260.25	53.8	35.0	0.382	0.441	218
260.50	67.5	24.0	0.365	0.448	220
260.75	56.4	35.0	0.352	0.458	244
261.00	56.2	34.0	0.363	0.538	227
261.25	56.4	34.0	0.361	0.556	255
261.50	55.9	35.0	0.358	0.551	247
261.75	55.7	35.0	0.377	0.548	219
262.00	57.1	36.0	0.300	0.522	319
262.25	53.3	34.0	0.296	0.513	215
262.50	55.0	27.0	0.291	0.507	151
262.75	nan	nan	nan	nan	143
263.00	nan	nan	nan	nan	177
263.25	50.6	28.0	0.281	0.496	199
263.50	57.1	33.0	0.276	0.494	207
263.75	53.2	30.0	0.281	0.492	221
264.00	56.3	35.0	0.280	0.489	229
264.25	56.4	35.0	0.283	0.495	270
264.50	60.1	36.0	0.292	0.501	307
264.75	60.9	38.0	0.314	0.509	364
265.00	60.9	38.0	0.299	0.515	376
265.25	62.6	39.0	0.324	0.521	330
265.50	67.3	42.0	0.311	0.526	403
265.75	71.3	41.0	0.355	0.550	386
266.00	71.3	43.0	0.368	0.563	437
266.25	nan	nan	nan	nan	0
266.50	nan	nan	nan	nan	0
266.75	nan	nan	nan	nan	0
267.00	nan	nan	nan	nan	0
267.25	nan	nan	nan	nan	0
267.50	nan	nan	nan	nan	0
267.75	nan	nan	nan	nan	0
268.00	nan	nan	nan	nan	0
268.25	nan	nan	nan	nan	0
268.50	nan	nan	nan	nan	0
268.75	nan	nan	nan	nan	0
269.00	nan	nan	nan	nan	0
269.25	nan	nan	nan	nan	0
269.50	nan	nan	nan	nan	0
269.75	nan	nan	nan	nan	0
270.00	nan	nan	nan	nan	0
270.25	nan	nan	nan	nan	0
270.50	nan	nan	nan	nan	0
270.75	nan	nan	nan	nan	0
271.00	nan	nan	nan	nan	0
271.25	nan	nan	nan	nan	0
271.50	nan	nan	nan	nan	0
271.75	nan	nan	nan	nan	0
272.00	nan	nan	nan	nan	0
272.25	51.9	30.0	0.419	0.589	242
272.50	47.8	26.0	0.435	0.601	206
272.75	46.9	25.0	0.434	0.609	192
273.00	54.8	33.0	0.417	0.585	270
273.25	55.5	34.0	0.385	0.565	299
273.50	54.0	34.0	0.356	0.565	305
273.75	54.5	34.0	0.357	0.559	292
274.00	53.1	33.0	0.345	0.556	300
274.25	56.9	36.0	0.362	0.562	255
274.50	64.5	40.0	0.366	0.513	334
274.75	58.1	34.0	0.339	0.465	297
275.00	57.5	36.0	0.313	0.467	326
275.25	53.3	33.0	0.295	0.454	304
275.50	54.6	36.0	0.292	0.460	322
275.75	nan	nan	nan	nan	150
276.00	65.9	43.0	0.269	0.439	450
276.25	67.3	44.0	0.277	0.447	454
276.50	50.2	31.0	0.328	0.457	218
276.75	49.3	32.0	0.357	0.477	225
277.00	59.1	36.0	0.444	0.612	221
277.25	53.2	34.0	0.359	0.565	312
277.50	49.6	31.0	0.312	0.514	247
277.75	45.3	26.0	0.292	0.501	209
278.00	47.7	30.0	0.296	0.499	226
278.25	53.5	34.0	0.342	0.493	252
278.50	54.7	34.0	0.339	0.494	254
278.75	55.3	35.0	0.350	0.567	273
279.00	54.4	35.0	0.349	0.585	278
279.25	55.4	35.0	0.352	0.584	294
279.50	54.4	35.0	0.349	0.588	271
279.75	54.6	34.0	0.338	0.595	283
280.00	55.6	34.0	0.346	0.596	284
280.25	54.4	35.0	0.355	0.600	285
280.50	51.7	32.0	0.386	0.610	305
280.75	53.5	34.0	0.359	0.608	294
281.00	54.4	34.0	0.350	0.612	273
281.25	54.0	34.0	0.352	0.612	276
281.50	54.7	34.0	0.334	0.607	190
281.75	55.6	33.0	0.333	0.607	245
282.00	55.4	35.0	0.352	0.608	295
282.25	60.6	36.0	0.412	0.600	316
282.50	nan	nan	nan	nan	0
282.75	nan	nan	nan	nan	0
283.00	nan	nan	nan	nan	0
283.25	nan	nan	nan	nan	0
283.50	nan	nan	nan	nan	0
283.75	nan	nan	nan	nan	0
284.00	nan	nan	nan	nan	0
284.25	nan	nan	nan	nan	0
284.50	nan	nan	nan	nan	0
284.75	nan	nan	nan	nan	0
285.00	nan	nan	nan	nan	0
285.25	nan	nan	nan	nan	0
285.50	nan	nan	nan	nan	0
285.75	nan	nan	nan	nan	0
286.00	nan	nan	nan	nan	0
286.25	46.9	29.0	0.303	0.484	223
286.50	46.4	25.0	0.302	0.485	187
286.75	50.2	31.0	0.312	0.492	239
287.00	53.2	32.0	0.333	0.496	258
287.25	53.1	34.0	0.340	0.502	232
287.50	53.3	33.0	0.343	0.504	234
287.75	51.3	32.0	0.319	0.491	264
288.00	45.6	28.0	0.301	0.477	191
288.25	45.3	26.0	0.304	0.478	211
288.50	49.8	32.0	0.318	0.483	247
288.75	51.3	31.0	0.326	0.486	236
289.00	52.1	31.0	0.323	0.489	241
289.25	51.9	31.0	0.319	0.494	242
289.50	52.6	29.0	0.313	0.515	233
289.75	51.6	32.0	0.315	0.509	232
290.00	55.5	32.0	0.334	0.514	228
290.25	56.5	33.0	0.344	0.520	235
290.50	56.4	35.0	0.333	0.515	287
290.75	61.4	35.0	0.343	0.520	232
291.00	61.7	35.0	0.342	0.521	234
291.25	59.3	35.0	0.336	0.521	256
291.50	56.7	35.0	0.317	0.495	312
291.75	57.7	35.0	0.316	0.494	297
292.00	57.4	35.0	0.317	0.497	325
292.25	56.6	32.0	0.344	0.492	273
292.50	56.2	35.0	0.312	0.529	310
292.75	56.3	35.0	0.323	0.569	297
293.00	57.8	35.0	0.332	0.577	292
293.25	66.4	41.0	0.294	0.544	366
293.50	66.4	41.0	0.284	0.545	408
293.75	66.7	42.0	0.293	0.534	381
294.00	67.2	42.0	0.293	0.516	372
294.25	67.9	42.0	0.298	0.514	371
294.50	69.3	43.0	0.300	0.524	348
294.75	68.0	41.0	0.305	0.553	388
295.00	71.6	41.0	0.321	0.571	360
295.25	67.5	40.0	0.323	0.585	350
295.50	nan	nan	nan	nan	420
295.75	nan	nan	nan	nan	403
296.00	nan	nan	nan	nan	390
296.25	nan	nan	nan	nan	381
296.50	nan	nan	nan	nan	380
296.75	nan	nan	nan	nan	376
297.00	nan	nan	nan	nan	374
297.25	nan	nan	nan	nan	362
297.50	nan	nan	nan	nan	355
297.75	nan	nan	nan	nan	352
298.00	nan	nan	nan	nan	363
298.25	nan	nan	nan	nan	356
298.50	nan	nan	nan	nan	354
298.75	nan	nan	nan	nan	344
299.00	nan	nan	nan	nan	337
299.25	63.1	36.0	0.373	0.516	280
299.50	63.9	32.0	0.448	0.466	214
299.75	nan	nan	nan	nan	131
300.00	nan	nan	nan	nan	107
300.25	nan	nan	nan	nan	88
300.50	nan	nan	nan	nan	98
300.75	nan	nan	nan	nan	96
301.00	nan	nan	nan	nan	111
301.25	66.8	37.0	0.379	0.507	285
301.50	63.1	38.0	0.356	0.542	299
301.75	62.7	36.0	0.385	0.579	298
302.00	61.2	37.0	0.341	0.462	258
302.25	64.1	35.0	0.355	0.469	273
302.50	60.6	36.0	0.343	0.491	262
302.75	58.0	35.0	0.344	0.522	252
303.00	nan	nan	nan	nan	174
303.25	56.9	35.0	0.330	0.552	282
303.50	55.8	36.0	0.355	0.590	313
303.75	60.4	37.0	0.378	0.610	270
304.00	57.3	36.0	0.380	0.619	289
304.25	58.0	36.0	0.363	0.574	347
304.50	56.5	36.0	0.368	0.587	312
304.75	57.0	37.0	0.373	0.598	297
305.00	57.7	36.0	0.364	0.576	281
305.25	57.0	36.0	0.357	0.577	311
305.50	58.7	36.0	0.364	0.562	298
305.75	62.9	37.0	0.383	0.556	250
306.00	65.3	37.0	0.389	0.560	242
306.25	62.0	38.0	0.411	0.568	302
306.50	61.0	35.0	0.424	0.574	305
306.75	60.3	37.0	0.405	0.575	262
307.00	59.9	36.0	0.385	0.572	287
307.25	55.5	34.0	0.351	0.569	276
307.50	54.4	34.0	0.334	0.566	247
307.75	55.9	35.0	0.344	0.561	259
308.00	55.6	35.0	0.350	0.547	257
308.25	54.2	34.0	0.338	0.535	249
308.50	49.3	29.0	0.319	0.525	201
308.75	49.3	32.0	0.314	0.519	195
309.00	50.0	32.0	0.319	0.523	209
309.25	54.5	34.0	0.330	0.532	251
309.50	55.5	34.0	0.345	0.535	283
309.75	56.7	34.0	0.357	0.538	254
310.00	58.6	36.0	0.312	0.483	314
310.25	52.8	29.0	0.293	0.494	221
310.50	58.7	34.0	0.290	0.500	292
310.75	58.7	37.0	0.310	0.505	337
311.00	69.8	44.0	0.261	0.500	457
311.25	72.0	45.0	0.274	0.516	422
311.50	74.7	46.0	0.278	0.535	437
311.75	61.1	32.0	0.404	0.557	216
312.00	54.4	34.0	0.369	0.513	274
312.25	53.1	32.0	0.347	0.503	271
312.50	53.5	33.0	0.348	0.485	252
312.75	52.6	33.0	0.352	0.473	258
313.00	53.2	33.0	0.350	0.457	247
313.25	53.7	33.0	0.363	0.453	237
313.50	54.1	33.0	0.363	0.454	239
313.75	54.4	33.0	0.361	0.455	239
314.00	53.7	34.0	0.314	0.528	283
314.25	54.6	33.0	0.320	0.523	259
314.50	52.2	33.0	0.324	0.555	249
314.75	55.0	34.0	0.335	0.546	248
315.00	58.4	34.0	0.340	0.539	241
315.25	62.7	33.0	0.351	0.535	227
315.50	56.0	36.0	0.326	0.544	282
315.75	59.1	37.0	0.339	0.550	262
316.00	56.8	36.0	0.324	0.496	345
316.25	56.5	36.0	0.329	0.494	314
316.50	56.2	35.0	0.337	0.486	321
316.75	56.8	35.0	0.334	0.488	323
317.00	57.7	37.0	0.333	0.492	331
317.25	59.1	36.0	0.333	0.504	339
317.50	60.8	38.0	0.346	0.508	323
317.75	66.5	40.0	0.363	0.515	314
318.00	nan	nan	nan	nan	0
318.25	nan	nan	nan	nan	0
318.50	nan	nan	nan	nan	0
318.75	nan	nan	nan	nan	0
319.00	nan	nan	nan	nan	0
319.25	nan	nan	nan	nan	0
319.50	nan	nan	nan	nan	0
319.75	nan	nan	nan	nan	0
320.00	nan	nan	nan	nan	0
320.25	nan	nan	nan	nan	0
320.50	nan	nan	nan	nan	0
320.75	nan	nan	nan	nan	0
321.00	nan	nan	nan	nan	17
321.25	nan	nan	nan	nan	0
321.50	nan	nan	nan	nan	0
321.75	63.9	39.0	0.288	0.534	360
322.00	64.4	40.0	0.287	0.538	371
322.25	63.9	39.0	0.279	0.539	363
322.50	64.0	40.0	0.276	0.538	359
322.75	63.3	39.0	0.278	0.537	351
323.00	63.5	39.0	0.266	0.544	380
323.25	63.6	40.0	0.259	0.557	345
323.50	64.1	39.0	0.260	0.563	361
323.75	63.6	39.0	0.265	0.558	358
324.00	62.6	38.0	0.268	0.557	352
324.25	63.1	39.0	0.263	0.571	355
324.50	62.1	38.0	0.258	0.578	335
324.75	63.4	39.0	0.265	0.572	342
325.00	67.6	41.0	0.283	0.565	344
325.25	53.7	36.0	0.377	0.569	272
325.50	54.8	33.0	0.379	0.568	252
325.75	57.3	34.0	0.408	0.549	290
326.00	57.7	34.0	0.403	0.539	293
326.25	56.9	35.0	0.422	0.523	292
326.50	58.4	33.0	0.439	0.526	280
326.75	60.8	33.0	0.455	0.531	200
327.00	61.1	29.0	0.488	0.533	142
327.25	60.2	29.0	0.485	0.533	458
327.50	60.0	31.0	0.468	0.539	1220
327.75	57.8	34.0	0.437	0.549	357
328.00	53.6	34.0	0.379	0.548	307
328.25	54.0	35.0	0.337	0.564	371
328.50	53.6	32.0	0.338	0.573	314
328.75	53.2	34.0	0.368	0.580	243
329.00	54.3	34.0	0.345	0.533	300
329.25	56.1	35.0	0.351	0.535	281
329.50	55.4	35.0	0.342	0.545	296
329.75	55.6	35.0	0.356	0.566	301
330.00	55.5	35.0	0.357	0.578	301
330.25	56.8	35.0	0.356	0.594	283
330.50	56.3	34.0	0.357	0.591	278
330.75	55.9	34.0	0.355	0.588	271
331.00	55.8	34.0	0.352	0.583	279
331.25	55.7	35.0	0.343	0.571	267
331.50	56.8	34.0	0.348	0.579	285
331.75	56.1	34.0	0.357	0.583	286
332.00	55.5	36.0	0.354	0.584	332
332.25	55.9	35.0	0.359	0.580	301
332.50	56.7	36.0	0.362	0.579	307
332.75	57.2	36.0	0.364	0.580	290
333.00	54.5	33.0	0.355	0.585	275
333.25	54.4	33.0	0.366	0.586	289
333.50	nan	nan	nan	nan	0
333.75	nan	nan	nan	nan	0
334.00	nan	nan	nan	nan	0
334.25	nan	nan	nan	nan	0
334.50	nan	nan	nan	nan	1
334.75	nan	nan	nan	nan	1
335.00	nan	nan	nan	nan	1
335.25	nan	nan	nan	nan	2
335.50	nan	nan	nan	nan	3
335.75	nan	nan	nan	nan	2
336.00	nan	nan	nan	nan	0
336.25	nan	nan	nan	nan	0
336.50	nan	nan	nan	nan	0
336.75	nan	nan	nan	nan	0
337.00	nan	nan	nan	nan	0
337.25	nan	nan	nan	nan	0
337.50	nan	nan	nan	nan	0
337.75	nan	nan	nan	nan	0
338.00	nan	nan	nan	nan	0
338.25	nan	nan	nan	nan	0
338.50	nan	nan	nan	nan	0
338.75	nan	nan	nan	nan	0
339.00	nan	nan	nan	nan	0
339.25	nan	nan	nan	nan	0
339.50	nan	nan	nan	nan	0
339.75	nan	nan	nan	nan	0
340.00	nan	nan	nan	nan	0
340.25	nan	nan	nan	nan	0
340.50	67.2	40.0	0.307	0.567	526
340.75	65.5	41.0	0.285	0.547	477
341.00	66.0	41.0	0.292	0.547	384
341.25	59.1	33.0	0.244	0.526	315
341.50	62.8	40.0	0.272	0.514	378
341.75	71.0	44.0	0.325	0.502	396
342.00	72.2	45.0	0.333	0.509	415
342.25	72.1	45.0	0.331	0.521	433
342.50	70.9	43.0	0.314	0.527	465
342.75	68.4	41.0	0.327	0.528	411
343.00	69.9	45.0	0.329	0.589	421
343.25	66.9	42.0	0.327	0.617	405
343.50	72.7	45.0	0.354	0.612	375
343.75	72.0	44.0	0.382	0.605	413
344.00	56.8	34.0	0.414	0.599	248
344.25	57.4	33.0	0.409	0.595	233
344.50	53.1	34.0	0.351	0.559	271
344.75	48.2	30.0	0.322	0.532	230
345.00	52.8	30.0	0.387	0.533	231
345.25	53.1	30.0	0.399	0.540	229
345.50	58.8	36.0	0.413	0.552	293
345.75	57.3	37.0	0.386	0.556	258
346.00	53.6	33.0	0.388	0.555	261
346.25	56.8	36.0	0.398	0.560	278
346.50	59.4	35.0	0.409	0.554	270
346.75	58.0	37.0	0.392	0.573	301
347.00	62.5	35.0	0.399	0.602	321
347.25	64.1	38.0	0.388	0.608	295
347.50	59.1	36.0	0.364	0.600	329
347.75	58.7	34.0	0.327	0.589	311
348.00	59.8	38.0	0.368	0.588	308
348.25	59.7	38.0	0.373	0.589	304
348.50	nan	nan	nan	nan	7
348.75	nan	nan	nan	nan	5
349.00	nan	nan	nan	nan	6
349.25	nan	nan	nan	nan	3
349.50	nan	nan	nan	nan	5
349.75	nan	nan	nan	nan	4
350.00	nan	nan	nan	nan	4
350.25	nan	nan	nan	nan	4
350.50	nan	nan	nan	nan	4
350.75	nan	nan	nan	nan	4
351.00	nan	nan	nan	nan	0
351.25	nan	nan	nan	nan	0
351.50	nan	nan	nan	nan	0
351.75	nan	nan	nan	nan	0
352.00	nan	nan	nan	nan	0
352.25	nan	nan	nan	nan	0
352.50	nan	nan	nan	nan	0
352.75	nan	nan	nan	nan	0
353.00	nan	nan	nan	nan	0
353.25	nan	nan	nan	nan	0
353.50	44.7	24.0	0.407	0.603	198
353.75	42.6	23.0	0.405	0.609	193
354.00	42.1	23.0	0.413	0.611	186
354.25	42.0	23.0	0.415	0.613	187
354.50	42.5	23.0	0.417	0.613	198
354.75	nan	nan	nan	nan	0
355.00	nan	nan	nan	nan	0
355.25	nan	nan	nan	nan	0
355.50	nan	nan	nan	nan	0
355.75	nan	nan	nan	nan	0
356.00	nan	nan	nan	nan	0
356.25	nan	nan	nan	nan	0
356.50	nan	nan	nan	nan	0
356.75	nan	nan	nan	nan	0
357.00	nan	nan	nan	nan	0
357.25	nan	nan	nan	nan	0
357.50	nan	nan	nan	nan	0
357.75	nan	nan	nan	nan	0
358.00	nan	nan	nan	nan	0
358.25	nan	nan	nan	nan	0
358.50	nan	nan	nan	nan	0
358.75	nan	nan	nan	nan	0
359.00	nan	nan	nan	nan	0
359.25	nan	nan	nan	nan	0
359.50	nan	nan	nan	nan	0
359.75	nan	nan	nan	nan	0
360.00	nan	nan	nan	nan	0
360.25	nan	nan	nan	nan	0
360.50	59.4	38.0	0.263	0.460	399
360.75	60.5	38.0	0.239	0.485	398
361.00	58.5	37.0	0.227	0.489	365
361.25	58.5	36.0	0.229	0.512	344
361.50	65.4	39.0	0.284	0.530	307
361.75	63.8	40.0	0.276	0.527	345
362.00	62.7	39.0	0.278	0.537	346
362.25	63.1	39.0	0.282	0.536	334
362.50	56.5	38.0	0.246	0.448	302
362.75	62.3	37.0	0.259	0.461	329
363.00	60.7	37.0	0.272	0.462	345
363.25	62.4	38.0	0.287	0.478	370
363.50	62.5	37.0	0.296	0.487	389
363.75	62.8	37.0	0.303	0.493	368
364.00	63.6	38.0	0.300	0.500	368
364.25	63.6	38.0	0.301	0.503	373
364.50	71.6	46.0	0.277	0.493	576
364.75	69.7	45.0	0.282	0.488	533
365.00	70.8	45.0	0.286	0.501	554
365.25	73.8	46.0	0.300	0.507	483
365.50	74.5	46.0	0.296	0.515	499
365.75	75.7	46.0	0.342	0.513	547
366.00	76.8	47.0	0.350	0.505	530
