t	scale	ncc	cx	cy
0.00	1.000	0.829	0.500	0.500
0.25	1.000	0.801	0.500	0.500
0.50	1.025	0.800	0.504	0.498
0.75	1.025	0.813	0.501	0.498
1.00	1.025	0.837	0.501	0.498
1.25	1.025	0.835	0.501	0.498
1.50	1.025	0.834	0.499	0.498
1.75	1.025	0.830	0.499	0.498
2.00	1.025	0.835	0.496	0.498
2.25	1.051	0.842	0.501	0.495
2.50	1.051	0.848	0.501	0.495
2.75	1.051	0.826	0.499	0.500
3.00	1.051	0.820	0.499	0.500
3.25	1.077	0.875	0.507	0.498
3.50	1.077	0.880	0.504	0.498
3.75	1.104	0.874	0.513	0.495
4.00	1.131	0.881	0.520	0.493
4.25	1.131	0.889	0.520	0.498
4.50	1.131	0.883	0.522	0.498
4.75	1.160	0.881	0.522	0.491
5.00	1.522	0.886	0.521	0.495
5.25	1.485	0.893	0.514	0.495
5.50	1.485	0.882	0.514	0.495
5.75	1.485	0.878	0.517	0.495
6.00	1.522	0.879	0.518	0.495
6.25	2.752	0.378	0.232	0.347
6.50	2.752	0.376	0.232	0.347
6.75	2.752	0.376	0.232	0.347
7.00	2.752	0.376	0.229	0.347
7.25	2.752	0.376	0.229	0.347
7.50	2.752	0.376	0.229	0.347
7.75	2.752	0.375	0.229	0.347
8.00	2.752	0.372	0.229	0.347
8.25	2.752	0.368	0.229	0.347
8.50	2.685	0.365	0.186	0.343
8.75	2.964	0.365	0.234	0.354
9.00	2.752	0.365	0.221	0.347
9.25	1.000	0.837	0.500	0.500
9.50	1.025	0.851	0.504	0.502
9.75	1.025	0.855	0.501	0.502
10.00	1.025	0.853	0.501	0.502
10.25	1.025	0.855	0.499	0.502
10.50	1.025	0.858	0.499	0.502
10.75	1.025	0.852	0.499	0.498
11.00	1.051	0.897	0.504	0.495
11.25	1.077	0.842	0.512	0.493
11.50	1.051	0.864	0.499	0.500
11.75	1.051	0.859	0.499	0.500
12.00	1.051	0.873	0.496	0.500
12.25	1.051	0.868	0.496	0.495
12.50	1.077	0.893	0.501	0.498
12.75	1.104	0.880	0.508	0.495
13.00	1.131	0.866	0.517	0.488
13.25	1.160	0.860	0.522	0.486
13.50	1.189	0.848	0.530	0.486
13.75	1.345	0.799	0.505	0.493
14.00	1.345	0.818	0.516	0.488
14.25	1.379	0.826	0.512	0.488
14.50	3.271	0.417	0.483	0.606
14.75	3.271	0.414	0.470	0.611
15.00	3.271	0.404	0.587	0.329
15.25	3.353	0.407	0.483	0.616
15.50	3.353	0.421	0.150	0.255
15.75	3.353	0.419	0.150	0.250
16.00	3.353	0.415	0.150	0.250
16.25	3.353	0.434	0.150	0.250
16.50	3.353	0.452	0.150	0.245
16.75	3.353	0.452	0.150	0.245
17.00	3.353	0.452	0.150	0.148
17.25	2.150	0.401	0.233	0.546
17.50	2.204	0.431	0.227	0.556
17.75	1.996	0.360	0.359	0.597
18.00	1.996	0.359	0.362	0.597
18.25	1.996	0.360	0.362	0.597
18.50	1.948	0.357	0.363	0.595
18.75	1.996	0.359	0.365	0.597
19.00	1.948	0.355	0.368	0.600
19.25	1.996	0.357	0.367	0.597
19.50	1.948	0.354	0.368	0.595
19.75	2.556	0.569	0.294	0.498
20.00	3.353	0.587	0.790	0.681
20.25	3.353	0.589	0.798	0.676
20.50	3.353	0.589	0.803	0.676
20.75	3.353	0.751	0.150	0.153
21.00	3.353	0.683	0.150	0.176
21.25	3.353	0.693	0.150	0.148
21.50	3.353	0.659	0.150	0.148
21.75	3.353	0.641	0.150	0.148
22.00	3.353	0.657	0.150	0.148
22.25	3.353	0.652	0.150	0.148
22.50	3.353	0.586	0.150	0.148
22.75	3.353	0.621	0.150	0.148
23.00	3.353	0.695	0.150	0.148
23.25	3.353	0.648	0.150	0.148
23.50	1.000	0.960	0.500	0.500
23.75	1.000	0.987	0.500	0.500
24.00	1.000	0.983	0.500	0.500
24.25	1.000	0.964	0.500	0.500
24.50	1.000	0.948	0.500	0.500
24.75	1.000	0.896	0.500	0.500
25.00	1.000	0.897	0.500	0.500
25.25	1.025	0.884	0.499	0.498
25.50	1.025	0.890	0.499	0.498
25.75	1.025	0.895	0.499	0.498
26.00	1.025	0.907	0.499	0.502
26.25	1.025	0.904	0.499	0.502
26.50	1.025	0.906	0.499	0.502
26.75	1.025	0.915	0.499	0.502
27.00	1.025	0.884	0.496	0.498
27.25	1.025	0.866	0.496	0.502
27.50	1.025	0.871	0.496	0.502
27.75	1.051	0.880	0.501	0.500
28.00	1.051	0.893	0.499	0.500
28.25	1.104	0.868	0.518	0.481
28.50	1.104	0.862	0.516	0.486
28.75	1.077	0.851	0.509	0.493
29.00	1.104	0.865	0.516	0.491
29.25	1.077	0.874	0.507	0.498
29.50	1.104	0.871	0.513	0.491
29.75	1.104	0.868	0.516	0.495
30.00	1.104	0.866	0.516	0.495
30.25	1.104	0.871	0.513	0.495
30.50	1.104	0.876	0.510	0.495
30.75	1.104	0.905	0.508	0.495
31.00	1.077	0.902	0.501	0.498
31.25	1.379	0.842	0.478	0.502
31.50	1.448	0.812	0.478	0.498
31.75	1.280	0.808	0.495	0.502
32.00	1.312	0.824	0.499	0.502
32.25	1.312	0.827	0.499	0.502
32.50	1.312	0.852	0.499	0.502
32.75	3.271	0.511	0.204	0.500
33.00	3.192	0.554	0.206	0.505
33.25	2.685	0.573	0.204	0.398
33.50	2.620	0.576	0.202	0.403
33.75	3.192	0.412	0.781	0.741
34.00	2.821	0.393	0.719	0.345
34.25	3.271	0.454	0.431	0.486
34.50	2.821	0.523	0.503	0.419
34.75	3.353	0.453	0.553	0.616
35.00	3.353	0.407	0.473	0.597
35.25	3.271	0.236	0.165	0.579
35.50	2.373	0.376	0.542	0.789
35.75	3.271	0.349	0.238	0.153
36.00	3.353	0.406	0.371	0.435
36.25	3.353	0.408	0.371	0.435
36.50	3.353	0.403	0.371	0.435
36.75	3.271	0.405	0.371	0.435
37.00	3.271	0.405	0.371	0.435
37.25	3.353	0.403	0.374	0.435
37.50	3.192	0.405	0.370	0.435
37.75	3.353	0.410	0.374	0.435
38.00	3.353	0.410	0.374	0.435
38.25	3.271	0.404	0.374	0.435
38.50	3.271	0.406	0.374	0.435
38.75	3.271	0.404	0.374	0.435
39.00	3.192	0.407	0.372	0.435
39.25	3.038	0.512	0.211	0.345
39.50	3.038	0.504	0.208	0.345
39.75	3.114	0.498	0.210	0.345
40.00	3.353	0.482	0.243	0.343
40.25	3.271	0.483	0.243	0.338
40.50	3.192	0.484	0.214	0.347
40.75	3.353	0.252	0.241	0.259
41.00	3.038	0.236	0.240	0.225
41.25	2.892	0.327	0.741	0.234
41.50	2.315	0.511	0.247	0.387
41.75	2.556	0.616	0.195	0.410
42.00	3.192	0.680	0.206	0.375
42.25	2.752	0.661	0.201	0.389
42.50	2.892	0.606	0.230	0.382
42.75	3.114	0.557	0.178	0.373
43.00	2.964	0.589	0.219	0.382
43.25	2.892	0.690	0.582	0.618
43.50	2.892	0.676	0.577	0.618
43.75	2.892	0.667	0.572	0.627
44.00	2.821	0.658	0.562	0.627
44.25	2.752	0.643	0.555	0.625
44.50	2.892	0.618	0.556	0.627
44.75	2.752	0.582	0.562	0.630
45.00	2.685	0.569	0.559	0.634
45.25	2.620	0.555	0.556	0.634
45.50	2.685	0.553	0.546	0.630
45.75	2.685	0.553	0.548	0.630
46.00	2.821	0.543	0.560	0.627
46.25	3.353	0.477	0.572	0.634
46.50	1.000	0.861	0.500	0.500
46.75	1.000	0.839	0.500	0.500
47.00	1.000	0.838	0.500	0.500
47.25	1.000	0.841	0.500	0.500
47.50	1.000	0.861	0.500	0.500
47.75	1.025	0.836	0.512	0.507
48.00	1.051	0.834	0.517	0.505
48.25	1.000	0.837	0.500	0.500
48.50	1.000	0.847	0.500	0.500
48.75	1.025	0.849	0.493	0.502
49.00	1.025	0.853	0.493	0.502
49.25	1.025	0.855	0.493	0.502
49.50	1.025	0.861	0.493	0.502
49.75	1.025	0.867	0.493	0.502
50.00	1.025	0.863	0.493	0.502
50.25	1.051	0.872	0.501	0.500
50.50	1.051	0.874	0.504	0.505
50.75	1.077	0.875	0.509	0.502
51.00	1.051	0.875	0.501	0.500
51.25	1.051	0.883	0.501	0.500
51.50	1.218	0.887	0.496	0.456
51.75	1.218	0.880	0.496	0.456
52.00	1.249	0.894	0.501	0.456
52.25	1.218	0.891	0.499	0.456
52.50	1.104	0.797	0.539	0.495
52.75	1.104	0.813	0.544	0.505
53.00	1.077	0.834	0.530	0.502
53.25	1.051	0.843	0.514	0.505
53.50	1.025	0.830	0.488	0.502
53.75	1.077	0.804	0.465	0.493
54.00	1.051	0.812	0.475	0.500
54.25	1.025	0.852	0.499	0.498
54.50	1.025	0.856	0.496	0.498
54.75	1.025	0.843	0.496	0.498
55.00	1.025	0.839	0.493	0.498
55.25	1.025	0.839	0.493	0.498
55.50	1.025	0.835	0.493	0.498
55.75	1.025	0.837	0.491	0.498
56.00	1.025	0.852	0.488	0.498
56.25	1.025	0.842	0.488	0.498
56.50	1.025	0.847	0.488	0.498
56.75	1.025	0.852	0.488	0.498
57.00	1.051	0.840	0.478	0.495
57.25	1.051	0.842	0.480	0.495
57.50	1.077	0.849	0.483	0.498
57.75	1.077	0.852	0.483	0.493
58.00	1.077	0.850	0.483	0.498
58.25	1.077	0.879	0.499	0.498
58.50	1.077	0.888	0.499	0.502
58.75	1.104	0.889	0.505	0.500
59.00	1.104	0.886	0.505	0.500
59.25	1.131	0.887	0.509	0.498
59.50	1.218	0.891	0.504	0.498
59.75	1.249	0.891	0.512	0.498
60.00	1.249	0.890	0.512	0.498
60.25	1.249	0.886	0.512	0.498
60.50	1.218	0.893	0.504	0.498
60.75	2.620	0.284	0.486	0.287
61.00	2.620	0.286	0.491	0.292
61.25	2.620	0.287	0.491	0.292
61.50	2.685	0.287	0.488	0.292
61.75	2.685	0.290	0.491	0.292
62.00	2.685	0.290	0.491	0.292
62.25	2.685	0.289	0.491	0.292
62.50	2.620	0.292	0.493	0.292
62.75	2.620	0.294	0.493	0.292
63.00	2.620	0.294	0.493	0.292
63.25	2.620	0.293	0.493	0.292
63.50	1.104	0.826	0.531	0.509
63.75	1.104	0.826	0.531	0.509
64.00	1.104	0.827	0.531	0.509
64.25	1.025	0.847	0.501	0.502
64.50	1.025	0.815	0.499	0.502
64.75	1.025	0.863	0.499	0.502
65.00	1.025	0.866	0.496	0.502
65.25	1.051	0.868	0.499	0.500
65.50	1.077	0.879	0.509	0.498
65.75	1.104	0.879	0.516	0.495
66.00	1.131	0.879	0.520	0.488
66.25	1.131	0.881	0.517	0.488
66.50	1.131	0.878	0.514	0.493
66.75	1.131	0.879	0.514	0.493
67.00	2.685	0.292	0.402	0.194
67.25	2.752	0.296	0.401	0.185
67.50	2.752	0.294	0.404	0.185
67.75	2.752	0.294	0.404	0.185
68.00	2.685	0.296	0.408	0.199
68.25	2.752	0.297	0.404	0.185
68.50	2.752	0.296	0.406	0.185
68.75	2.752	0.296	0.406	0.185
69.00	2.685	0.297	0.410	0.199
69.25	2.752	0.297	0.409	0.185
69.50	1.948	0.293	0.483	0.715
69.75	3.192	0.295	0.547	0.843
70.00	3.192	0.295	0.547	0.843
70.25	3.114	0.295	0.535	0.840
70.50	3.114	0.295	0.535	0.840
70.75	3.114	0.294	0.535	0.840
71.00	3.114	0.292	0.535	0.840
71.25	1.996	0.291	0.482	0.708
71.50	1.996	0.291	0.482	0.713
71.75	3.192	0.292	0.544	0.843
72.00	3.114	0.292	0.533	0.840
72.25	3.114	0.292	0.533	0.840
72.50	3.114	0.293	0.533	0.840
72.75	3.114	0.292	0.533	0.840
73.00	1.996	0.291	0.479	0.713
73.25	1.996	0.292	0.479	0.713
73.50	1.996	0.291	0.477	0.713
73.75	1.996	0.292	0.477	0.713
74.00	1.996	0.292	0.477	0.713
74.25	1.996	0.292	0.477	0.713
74.50	1.051	0.822	0.520	0.505
74.75	1.051	0.821	0.517	0.509
75.00	1.051	0.827	0.514	0.509
75.25	1.051	0.832	0.512	0.505
75.50	1.025	0.867	0.499	0.502
75.75	1.025	0.859	0.496	0.507
76.00	1.025	0.839	0.496	0.507
76.25	1.025	0.827	0.496	0.507
76.50	1.025	0.825	0.493	0.507
76.75	1.077	0.849	0.507	0.502
77.00	1.077	0.836	0.504	0.502
77.25	1.077	0.822	0.504	0.502
77.50	1.077	0.825	0.501	0.502
77.75	1.131	0.849	0.517	0.507
78.00	1.189	0.837	0.533	0.500
78.25	1.189	0.845	0.530	0.500
78.50	1.160	0.842	0.525	0.505
78.75	1.189	0.844	0.501	0.505
79.00	1.312	0.803	0.480	0.498
79.25	1.345	0.787	0.477	0.498
79.50	1.639	0.220	0.323	0.361
79.75	1.639	0.220	0.326	0.361
80.00	1.639	0.219	0.326	0.361
80.25	1.639	0.221	0.328	0.361
80.50	1.639	0.220	0.328	0.361
80.75	1.599	0.221	0.326	0.354
81.00	1.599	0.221	0.326	0.354
81.25	1.599	0.221	0.326	0.354
81.50	1.599	0.221	0.328	0.354
81.75	1.599	0.222	0.328	0.354
82.00	1.599	0.222	0.331	0.354
82.25	1.599	0.222	0.331	0.354
82.50	1.599	0.222	0.333	0.354
82.75	2.964	0.394	0.352	0.248
83.00	2.752	0.397	0.349	0.255
83.25	2.752	0.395	0.352	0.255
83.50	2.752	0.397	0.352	0.255
83.75	2.752	0.401	0.354	0.255
84.00	2.752	0.401	0.354	0.255
84.25	2.892	0.402	0.355	0.252
84.50	2.964	0.405	0.357	0.248
84.75	2.752	0.406	0.357	0.255
85.00	2.892	0.407	0.358	0.248
85.25	2.752	0.409	0.357	0.255
85.50	2.752	0.411	0.359	0.255
85.75	2.892	0.412	0.361	0.248
86.00	2.752	0.416	0.359	0.255
86.25	1.000	0.843	0.500	0.500
86.50	1.000	0.825	0.500	0.500
86.75	1.000	0.810	0.500	0.500
87.00	1.000	0.811	0.500	0.500
87.25	1.025	0.828	0.501	0.502
87.50	1.104	0.790	0.529	0.505
87.75	1.104	0.803	0.529	0.505
88.00	1.104	0.804	0.529	0.509
88.25	1.104	0.817	0.521	0.505
88.50	1.104	0.805	0.523	0.509
88.75	1.077	0.826	0.512	0.507
89.00	1.051	0.841	0.501	0.500
89.25	1.025	0.840	0.493	0.502
89.50	3.353	0.263	0.520	0.755
89.75	3.271	0.267	0.517	0.755
90.00	3.271	0.269	0.517	0.755
90.25	3.353	0.270	0.517	0.755
90.50	3.353	0.269	0.517	0.755
90.75	3.192	0.268	0.513	0.755
91.00	3.271	0.272	0.514	0.755
91.25	3.271	0.271	0.514	0.755
91.50	3.353	0.271	0.514	0.755
91.75	3.353	0.273	0.514	0.755
92.00	3.353	0.272	0.514	0.755
92.25	1.104	0.817	0.534	0.486
92.50	1.104	0.822	0.534	0.505
92.75	1.104	0.821	0.536	0.505
93.00	1.077	0.834	0.527	0.502
93.25	1.077	0.833	0.525	0.498
93.50	1.077	0.837	0.522	0.498
93.75	1.077	0.835	0.520	0.498
94.00	1.077	0.842	0.520	0.498
94.25	1.077	0.848	0.522	0.498
94.50	1.077	0.841	0.522	0.502
94.75	1.104	0.839	0.523	0.495
95.00	1.077	0.842	0.522	0.502
95.25	1.077	0.842	0.520	0.502
95.50	1.104	0.839	0.523	0.495
95.75	1.104	0.831	0.526	0.500
96.00	1.249	0.859	0.527	0.493
96.25	1.249	0.842	0.530	0.502
96.50	1.249	0.828	0.527	0.493
96.75	1.249	0.830	0.527	0.493
97.00	1.000	0.824	0.500	0.500
97.25	1.000	0.825	0.500	0.500
97.50	1.000	0.823	0.500	0.500
97.75	1.000	0.822	0.500	0.500
98.00	1.025	0.819	0.504	0.498
98.25	1.025	0.821	0.504	0.502
98.50	1.025	0.820	0.504	0.502
98.75	1.025	0.816	0.501	0.502
99.00	1.025	0.806	0.501	0.502
99.25	1.025	0.798	0.501	0.502
99.50	1.025	0.789	0.499	0.502
99.75	1.025	0.793	0.499	0.502
100.00	1.025	0.796	0.499	0.502
100.25	1.025	0.792	0.499	0.502
100.50	1.051	0.796	0.504	0.500
100.75	1.051	0.797	0.504	0.500
101.00	1.051	0.794	0.501	0.500
101.25	1.051	0.795	0.501	0.500
101.50	1.051	0.797	0.501	0.500
101.75	1.051	0.795	0.501	0.500
102.00	1.051	0.794	0.501	0.505
102.25	1.051	0.792	0.499	0.505
102.50	1.051	0.792	0.499	0.505
102.75	1.051	0.792	0.499	0.505
103.00	1.051	0.789	0.499	0.505
103.25	1.077	0.805	0.501	0.502
103.50	1.077	0.827	0.501	0.502
103.75	1.077	0.841	0.501	0.502
104.00	1.077	0.841	0.501	0.502
104.25	1.077	0.841	0.501	0.502
104.50	1.077	0.845	0.499	0.502
104.75	1.104	0.846	0.505	0.500
105.00	1.104	0.846	0.505	0.500
105.25	1.104	0.850	0.503	0.500
105.50	1.104	0.854	0.503	0.500
105.75	1.218	0.826	0.499	0.502
106.00	1.218	0.841	0.499	0.502
106.25	1.218	0.839	0.499	0.502
106.50	3.353	0.401	0.389	0.148
106.75	3.271	0.395	0.392	0.153
107.00	3.271	0.396	0.392	0.153
107.25	3.353	0.397	0.392	0.148
107.50	3.353	0.400	0.395	0.148
107.75	3.271	0.395	0.395	0.153
108.00	3.271	0.398	0.395	0.153
108.25	3.353	0.399	0.395	0.148
108.50	3.353	0.402	0.397	0.148
108.75	3.271	0.399	0.397	0.153
109.00	3.192	0.400	0.398	0.157
109.25	3.353	0.405	0.397	0.148
109.50	3.353	0.403	0.400	0.148
109.75	3.192	0.404	0.398	0.157
110.00	3.271	0.406	0.402	0.153
110.25	3.353	0.410	0.402	0.148
110.50	3.271	0.406	0.402	0.153
110.75	3.271	0.409	0.402	0.153
111.00	1.000	0.854	0.500	0.500
111.25	1.051	0.832	0.514	0.486
111.50	1.051	0.827	0.517	0.491
111.75	1.077	0.827	0.520	0.488
112.00	1.051	0.833	0.512	0.495
112.25	1.051	0.859	0.509	0.495
112.50	1.077	0.844	0.514	0.488
112.75	1.104	0.824	0.521	0.495
113.00	1.077	0.841	0.517	0.498
113.25	1.280	0.859	0.523	0.493
113.50	1.312	0.838	0.530	0.493
113.75	1.312	0.817	0.530	0.498
114.00	1.280	0.845	0.526	0.493
114.25	1.249	0.861	0.522	0.493
114.50	1.249	0.866	0.517	0.498
114.75	1.249	0.879	0.517	0.507
115.00	1.249	0.874	0.514	0.502
115.25	1.249	0.894	0.517	0.498
115.50	1.280	0.889	0.521	0.493
115.75	1.413	0.854	0.526	0.502
116.00	1.379	0.864	0.522	0.502
116.25	1.379	0.872	0.520	0.502
116.50	2.493	0.421	0.201	0.405
116.75	2.493	0.425	0.201	0.405
117.00	2.493	0.430	0.201	0.405
117.25	2.493	0.430	0.201	0.405
117.50	2.620	0.351	0.447	0.366
117.75	2.556	0.358	0.448	0.363
118.00	2.556	0.359	0.451	0.363
118.25	2.556	0.362	0.451	0.363
118.50	2.556	0.369	0.453	0.363
118.75	2.556	0.368	0.453	0.363
119.00	1.000	0.847	0.500	0.500
119.25	1.000	0.832	0.500	0.500
119.50	1.000	0.814	0.500	0.500
119.75	1.000	0.804	0.500	0.500
120.00	1.000	0.828	0.500	0.500
120.25	1.025	0.846	0.501	0.502
120.50	1.025	0.832	0.501	0.502
120.75	1.025	0.816	0.499	0.502
121.00	1.025	0.823	0.499	0.502
121.25	1.051	0.843	0.509	0.505
121.50	1.077	0.836	0.520	0.507
121.75	1.104	0.814	0.529	0.495
122.00	1.131	0.829	0.530	0.493
122.25	1.077	0.826	0.530	0.498
122.50	1.051	0.826	0.520	0.500
122.75	1.000	0.856	0.500	0.500
123.00	3.353	0.490	0.730	0.352
123.25	3.114	0.364	0.444	0.303
123.50	3.353	0.333	0.150	0.764
123.75	2.620	0.398	0.460	0.190
124.00	3.353	0.460	0.741	0.347
124.25	2.685	0.432	0.783	0.398
124.50	3.038	0.422	0.375	0.549
124.75	3.271	0.414	0.361	0.556
125.00	3.192	0.437	0.461	0.222
125.25	2.821	0.402	0.203	0.688
125.50	2.964	0.390	0.203	0.674
125.75	2.964	0.372	0.206	0.674
126.00	3.114	0.355	0.212	0.678
126.25	3.038	0.321	0.208	0.678
126.50	3.038	0.324	0.206	0.664
126.75	3.038	0.352	0.206	0.664
127.00	3.271	0.644	0.543	0.597
127.25	3.038	0.633	0.536	0.609
127.50	3.038	0.617	0.539	0.609
127.75	3.353	0.608	0.543	0.593
128.00	3.353	0.590	0.587	0.264
128.25	1.996	0.609	0.586	0.694
128.50	3.353	0.624	0.592	0.264
128.75	1.000	0.866	0.500	0.500
129.00	1.000	0.860	0.500	0.500
129.25	1.000	0.851	0.500	0.500
129.50	1.000	0.838	0.500	0.500
129.75	1.000	0.841	0.500	0.500
130.00	1.025	0.851	0.499	0.502
130.25	1.025	0.883	0.501	0.502
130.50	1.025	0.879	0.501	0.502
130.75	1.025	0.878	0.499	0.502
131.00	1.025	0.878	0.499	0.502
131.25	1.051	0.880	0.504	0.500
131.50	1.104	0.874	0.518	0.500
131.75	1.104	0.878	0.521	0.500
132.00	3.353	0.562	0.376	0.764
132.25	3.353	0.556	0.376	0.745
132.50	3.353	0.587	0.733	0.148
132.75	3.353	0.480	0.796	0.148
133.00	2.433	0.390	0.789	0.229
133.25	3.353	0.367	0.361	0.431
133.50	1.996	0.356	0.250	0.366
133.75	3.114	0.362	0.574	0.840
134.00	3.271	0.336	0.353	0.806
134.25	3.038	0.312	0.333	0.836
134.50	3.271	0.397	0.329	0.847
134.75	3.353	0.480	0.733	0.148
135.00	3.353	0.552	0.723	0.148
135.25	3.271	0.597	0.736	0.162
135.50	3.353	0.590	0.733	0.148
135.75	3.353	0.607	0.733	0.148
136.00	3.038	0.494	0.750	0.164
136.25	3.353	0.388	0.720	0.634
136.50	2.964	0.344	0.797	0.174
136.75	1.485	0.907	0.514	0.435
137.00	1.522	0.883	0.521	0.440
137.25	1.560	0.855	0.529	0.440
137.50	1.560	0.852	0.531	0.440
137.75	1.599	0.857	0.534	0.433
138.00	1.560	0.871	0.526	0.431
138.25	1.485	0.876	0.512	0.431
138.50	1.448	0.881	0.501	0.428
138.75	1.413	0.883	0.497	0.433
139.00	1.025	0.863	0.509	0.502
139.25	1.051	0.859	0.520	0.500
139.50	1.077	0.848	0.525	0.502
139.75	1.077	0.835	0.530	0.502
140.00	1.077	0.844	0.530	0.502
140.25	1.077	0.850	0.527	0.493
140.50	1.077	0.859	0.527	0.493
140.75	1.051	0.856	0.517	0.495
141.00	1.000	0.863	0.500	0.500
141.25	1.025	0.865	0.509	0.498
141.50	1.025	0.862	0.512	0.502
141.75	1.051	0.860	0.517	0.500
142.00	1.051	0.863	0.517	0.500
142.25	1.051	0.851	0.522	0.509
142.50	1.413	0.873	0.523	0.479
142.75	1.379	0.893	0.517	0.475
143.00	1.312	0.897	0.501	0.475
143.25	1.345	0.901	0.508	0.475
143.50	1.345	0.902	0.510	0.475
143.75	1.077	0.783	0.533	0.493
144.00	1.104	0.781	0.536	0.495
144.25	1.077	0.769	0.535	0.502
144.50	1.077	0.783	0.530	0.502
144.75	1.077	0.790	0.527	0.498
145.00	1.051	0.808	0.525	0.500
145.25	1.051	0.820	0.520	0.491
145.50	1.051	0.816	0.520	0.486
145.75	1.051	0.813	0.520	0.486
146.00	1.051	0.796	0.525	0.495
146.25	1.077	0.796	0.533	0.493
146.50	1.077	0.791	0.530	0.493
146.75	1.077	0.771	0.527	0.502
147.00	1.051	0.779	0.525	0.500
147.25	1.051	0.789	0.520	0.491
147.50	1.025	0.799	0.512	0.498
147.75	1.025	0.801	0.509	0.498
148.00	1.025	0.815	0.512	0.498
148.25	1.051	0.811	0.520	0.491
148.50	1.051	0.815	0.520	0.491
148.75	1.051	0.802	0.522	0.495
149.00	1.051	0.803	0.520	0.491
149.25	1.160	0.828	0.520	0.495
149.50	1.189	0.819	0.527	0.500
149.75	1.160	0.846	0.522	0.500
150.00	1.131	0.863	0.512	0.498
150.25	1.131	0.872	0.507	0.493
150.50	1.104	0.858	0.500	0.500
150.75	2.752	0.437	0.208	0.343
151.00	2.892	0.437	0.215	0.350
151.25	2.821	0.437	0.214	0.345
151.50	2.892	0.438	0.217	0.350
151.75	3.353	0.364	0.150	0.468
152.00	3.353	0.366	0.150	0.468
152.25	3.353	0.367	0.150	0.468
152.50	3.353	0.370	0.150	0.468
152.75	3.353	0.372	0.150	0.468
153.00	3.353	0.372	0.150	0.468
153.25	3.353	0.372	0.150	0.468
153.50	3.353	0.373	0.150	0.463
153.75	3.353	0.376	0.150	0.463
154.00	3.353	0.380	0.150	0.463
154.25	3.353	0.383	0.150	0.463
154.50	3.353	0.385	0.150	0.463
154.75	3.353	0.385	0.150	0.463
155.00	3.353	0.386	0.150	0.463
155.25	3.353	0.386	0.150	0.463
155.50	3.353	0.386	0.150	0.463
155.75	3.353	0.386	0.150	0.463
156.00	3.353	0.386	0.150	0.458
156.25	3.353	0.387	0.150	0.458
156.50	3.353	0.390	0.150	0.458
156.75	1.000	0.796	0.500	0.500
157.00	1.025	0.813	0.509	0.498
157.25	1.000	0.842	0.500	0.500
157.50	1.000	0.869	0.500	0.500
157.75	1.025	0.870	0.501	0.498
158.00	1.025	0.870	0.501	0.502
158.25	1.025	0.862	0.501	0.502
158.50	1.025	0.849	0.501	0.502
158.75	1.077	0.800	0.520	0.498
159.00	1.051	0.824	0.507	0.500
159.25	1.051	0.792	0.525	0.505
159.50	1.131	0.762	0.527	0.488
159.75	1.077	0.793	0.530	0.502
160.00	1.104	0.816	0.518	0.495
160.25	1.077	0.823	0.507	0.502
160.50	1.345	0.824	0.516	0.488
160.75	1.345	0.814	0.516	0.493
161.00	1.345	0.816	0.513	0.493
161.25	1.345	0.836	0.510	0.498
161.50	1.379	0.813	0.517	0.498
161.75	1.312	0.780	0.530	0.502
162.00	1.051	0.779	0.522	0.495
162.25	1.051	0.799	0.522	0.495
162.50	1.051	0.790	0.520	0.495
162.75	1.051	0.788	0.520	0.495
163.00	1.051	0.783	0.522	0.495
163.25	1.051	0.780	0.525	0.495
163.50	1.025	0.788	0.512	0.498
163.75	1.000	0.823	0.500	0.500
164.00	1.025	0.804	0.512	0.498
164.25	1.000	0.804	0.500	0.500
164.50	1.000	0.823	0.500	0.500
164.75	1.000	0.812	0.500	0.500
165.00	1.312	0.789	0.520	0.493
165.25	1.312	0.788	0.520	0.498
165.50	1.345	0.778	0.523	0.488
165.75	1.280	0.767	0.534	0.502
166.00	1.249	0.779	0.535	0.507
166.25	1.249	0.781	0.533	0.507
166.50	1.249	0.782	0.533	0.507
166.75	1.249	0.785	0.533	0.502
167.00	1.599	0.793	0.526	0.498
167.25	1.560	0.789	0.497	0.495
167.50	1.599	0.796	0.487	0.493
167.75	1.560	0.846	0.484	0.495
168.00	3.271	0.424	0.366	0.426
168.25	3.271	0.425	0.366	0.426
168.50	3.271	0.426	0.366	0.426
168.75	3.271	0.426	0.366	0.426
169.00	3.271	0.426	0.366	0.426
169.25	3.353	0.427	0.366	0.426
169.50	3.353	0.428	0.366	0.426
169.75	3.353	0.429	0.366	0.426
170.00	3.353	0.430	0.366	0.426
170.25	3.353	0.430	0.366	0.426
170.50	3.353	0.430	0.366	0.426
170.75	3.353	0.431	0.366	0.426
171.00	3.353	0.432	0.366	0.421
171.25	3.353	0.434	0.366	0.421
171.50	1.000	0.782	0.500	0.500
171.75	1.000	0.793	0.500	0.500
172.00	1.000	0.795	0.500	0.500
172.25	1.025	0.825	0.488	0.502
172.50	1.025	0.852	0.499	0.502
172.75	1.025	0.866	0.499	0.502
173.00	1.025	0.863	0.496	0.502
173.25	1.025	0.846	0.496	0.502
173.50	1.025	0.849	0.493	0.502
173.75	2.315	0.240	0.299	0.674
174.00	2.315	0.239	0.299	0.674
174.25	2.315	0.237	0.299	0.674
174.50	2.373	0.237	0.299	0.669
174.75	2.373	0.240	0.302	0.669
175.00	2.373	0.241	0.302	0.669
175.25	2.373	0.239	0.302	0.669
175.50	2.373	0.238	0.302	0.669
175.75	2.373	0.239	0.302	0.669
176.00	2.373	0.240	0.302	0.669
176.25	2.373	0.241	0.302	0.669
176.50	3.353	0.241	0.504	0.167
176.75	2.373	0.242	0.305	0.669
177.00	2.373	0.241	0.305	0.669
177.25	2.373	0.240	0.305	0.669
177.50	2.373	0.240	0.305	0.669
177.75	2.373	0.243	0.305	0.669
178.00	2.373	0.244	0.305	0.669
178.25	3.353	0.244	0.507	0.167
178.50	3.353	0.244	0.507	0.167
178.75	3.353	0.243	0.228	0.273
179.00	2.373	0.244	0.307	0.669
179.25	2.373	0.245	0.307	0.669
179.50	3.271	0.249	0.228	0.282
179.75	3.271	0.251	0.228	0.282
180.00	3.353	0.254	0.228	0.273
180.25	3.353	0.256	0.228	0.273
180.50	3.353	0.257	0.230	0.273
180.75	1.000	0.875	0.500	0.500
181.00	1.000	0.890	0.500	0.500
181.25	1.000	0.886	0.500	0.500
181.50	1.077	0.813	0.525	0.502
181.75	1.077	0.848	0.522	0.493
182.00	1.025	0.884	0.501	0.498
182.25	1.025	0.829	0.499	0.498
182.50	1.025	0.819	0.499	0.498
182.75	1.025	0.839	0.496	0.498
183.00	1.025	0.890	0.496	0.498
183.25	1.077	0.853	0.514	0.498
183.50	1.077	0.863	0.512	0.493
183.75	1.000	0.839	0.500	0.500
184.00	1.025	0.835	0.509	0.493
184.25	1.025	0.837	0.507	0.493
184.50	1.025	0.844	0.504	0.493
184.75	1.025	0.841	0.501	0.498
185.00	1.025	0.841	0.501	0.498
185.25	1.025	0.840	0.501	0.498
185.50	1.051	0.850	0.507	0.495
185.75	1.051	0.851	0.507	0.495
186.00	1.051	0.848	0.504	0.495
186.25	1.560	0.342	0.333	0.560
186.50	1.560	0.342	0.333	0.560
186.75	1.560	0.342	0.336	0.560
187.00	1.560	0.342	0.336	0.560
187.25	1.560	0.343	0.336	0.560
187.50	1.560	0.343	0.336	0.560
187.75	1.560	0.343	0.339	0.560
188.00	1.560	0.344	0.339	0.560
188.25	1.560	0.344	0.339	0.560
188.50	1.560	0.344	0.341	0.560
188.75	1.560	0.344	0.341	0.560
189.00	1.560	0.344	0.341	0.560
189.25	1.560	0.344	0.341	0.560
189.50	1.560	0.344	0.344	0.560
189.75	1.560	0.345	0.344	0.560
190.00	1.560	0.345	0.344	0.560
190.25	1.560	0.345	0.346	0.560
190.50	1.560	0.345	0.346	0.560
190.75	1.522	0.345	0.344	0.565
191.00	1.000	0.803	0.500	0.500
191.25	1.000	0.819	0.500	0.500
191.50	1.000	0.834	0.500	0.500
191.75	1.000	0.833	0.500	0.500
192.00	1.000	0.872	0.500	0.500
192.25	1.000	0.871	0.500	0.500
192.50	3.271	0.549	0.241	0.153
192.75	3.353	0.559	0.150	0.148
193.00	3.353	0.540	0.150	0.148
193.25	3.353	0.544	0.150	0.148
193.50	3.353	0.564	0.150	0.148
193.75	3.353	0.559	0.150	0.148
194.00	3.353	0.609	0.150	0.148
194.25	3.353	0.546	0.150	0.148
194.50	3.353	0.597	0.150	0.148
194.75	3.353	0.604	0.150	0.148
195.00	3.353	0.617	0.150	0.148
195.25	3.353	0.589	0.150	0.148
195.50	3.353	0.607	0.150	0.148
195.75	3.353	0.623	0.150	0.148
196.00	3.353	0.652	0.150	0.148
196.25	3.353	0.687	0.150	0.148
196.50	3.353	0.667	0.150	0.148
196.75	3.353	0.620	0.150	0.148
197.00	3.353	0.608	0.150	0.171
197.25	3.353	0.580	0.150	0.194
197.50	3.353	0.542	0.150	0.241
197.75	3.353	0.475	0.150	0.194
198.00	3.353	0.463	0.150	0.148
198.25	3.192	0.495	0.237	0.157
198.50	3.353	0.369	0.249	0.148
198.75	2.964	0.418	0.229	0.206
199.00	3.353	0.498	0.150	0.148
199.25	3.353	0.487	0.150	0.148
199.50	3.353	0.509	0.254	0.148
199.75	3.271	0.628	0.155	0.171
200.00	3.353	0.595	0.150	0.218
200.25	3.353	0.469	0.150	0.199
200.50	3.353	0.460	0.158	0.148
200.75	3.353	0.549	0.150	0.148
201.00	1.000	0.854	0.500	0.500
201.25	1.000	0.855	0.500	0.500
201.50	1.000	0.840	0.500	0.500
201.75	1.000	0.829	0.500	0.500
202.00	1.000	0.829	0.500	0.500
202.25	1.025	0.836	0.501	0.498
202.50	1.025	0.840	0.499	0.498
202.75	1.025	0.844	0.499	0.498
203.00	1.025	0.847	0.499	0.498
203.25	1.051	0.869	0.507	0.500
203.50	1.104	0.870	0.521	0.491
203.75	1.104	0.843	0.523	0.491
204.00	1.413	0.824	0.534	0.419
204.25	1.379	0.756	0.548	0.424
204.50	1.345	0.774	0.560	0.424
204.75	1.345	0.762	0.570	0.414
205.00	1.379	0.769	0.566	0.414
205.25	1.379	0.784	0.561	0.419
205.50	1.379	0.808	0.535	0.424
205.75	1.379	0.814	0.527	0.424
206.00	1.379	0.824	0.514	0.424
206.25	1.379	0.825	0.507	0.424
206.50	1.413	0.790	0.510	0.428
206.75	1.485	0.872	0.499	0.421
207.00	1.485	0.887	0.493	0.417
207.25	1.000	0.856	0.500	0.500
207.50	1.104	0.828	0.534	0.505
207.75	1.131	0.777	0.553	0.502
208.00	1.160	0.739	0.569	0.495
208.25	1.160	0.750	0.569	0.500
208.50	1.312	0.791	0.582	0.438
208.75	1.345	0.749	0.589	0.433
209.00	1.312	0.742	0.595	0.433
209.25	1.312	0.718	0.611	0.433
209.50	1.345	0.704	0.609	0.433
209.75	1.345	0.732	0.596	0.433
210.00	1.413	0.828	0.544	0.428
210.25	1.312	0.884	0.520	0.433
210.50	1.249	0.882	0.504	0.424
210.75	1.249	0.886	0.504	0.424
211.00	1.280	0.888	0.510	0.424
211.25	1.104	0.821	0.539	0.509
211.50	1.104	0.762	0.534	0.509
211.75	1.104	0.780	0.534	0.505
212.00	1.077	0.800	0.527	0.507
212.25	1.000	0.824	0.500	0.500
212.50	1.000	0.788	0.500	0.500
212.75	1.000	0.782	0.500	0.500
213.00	1.000	0.815	0.500	0.500
213.25	1.000	0.829	0.500	0.500
213.50	1.000	0.824	0.500	0.500
213.75	1.000	0.786	0.500	0.500
214.00	1.000	0.771	0.500	0.500
214.25	1.000	0.812	0.500	0.500
214.50	1.000	0.846	0.500	0.500
214.75	1.000	0.857	0.500	0.500
215.00	1.000	0.857	0.500	0.500
215.25	1.000	0.866	0.500	0.500
215.50	1.000	0.871	0.500	0.500
215.75	1.025	0.870	0.509	0.493
216.00	1.025	0.874	0.509	0.488
216.25	1.345	0.831	0.471	0.470
216.50	1.379	0.833	0.478	0.470
216.75	1.379	0.843	0.486	0.470
217.00	1.280	0.852	0.497	0.475
217.25	1.280	0.868	0.497	0.475
217.50	1.000	0.869	0.500	0.500
217.75	1.000	0.860	0.500	0.500
218.00	1.000	0.856	0.500	0.500
218.25	1.000	0.862	0.500	0.500
218.50	1.000	0.862	0.500	0.500
218.75	1.000	0.853	0.500	0.500
219.00	1.000	0.831	0.500	0.500
219.25	1.000	0.818	0.500	0.500
219.50	1.000	0.820	0.500	0.500
219.75	1.000	0.840	0.500	0.500
220.00	1.000	0.855	0.500	0.500
220.25	1.448	0.858	0.496	0.447
220.50	1.448	0.831	0.496	0.451
220.75	1.522	0.827	0.487	0.444
221.00	1.448	0.859	0.499	0.447
221.25	1.448	0.880	0.499	0.447
221.50	1.485	0.883	0.504	0.449
221.75	3.192	0.384	0.341	0.833
222.00	3.192	0.383	0.341	0.833
222.25	3.192	0.382	0.341	0.833
222.50	3.353	0.382	0.342	0.833
222.75	3.353	0.383	0.342	0.833
223.00	3.353	0.383	0.342	0.833
223.25	3.192	0.382	0.341	0.829
223.50	3.192	0.382	0.341	0.829
223.75	1.104	0.777	0.547	0.495
224.00	1.104	0.781	0.547	0.495
224.25	1.104	0.832	0.547	0.491
224.50	1.077	0.853	0.535	0.493
224.75	1.051	0.878	0.525	0.491
225.00	1.051	0.881	0.525	0.491
225.25	1.051	0.877	0.525	0.491
225.50	1.077	0.871	0.527	0.488
225.75	1.077	0.830	0.525	0.488
226.00	1.077	0.830	0.527	0.488
226.25	1.077	0.831	0.533	0.488
226.50	1.077	0.834	0.525	0.488
226.75	1.077	0.834	0.530	0.488
227.00	1.077	0.836	0.533	0.488
227.25	1.077	0.841	0.535	0.488
227.50	1.077	0.837	0.535	0.488
227.75	1.312	0.837	0.522	0.488
228.00	1.280	0.846	0.521	0.488
228.25	1.249	0.859	0.525	0.488
228.50	1.249	0.851	0.538	0.488
228.75	1.249	0.832	0.543	0.493
229.00	1.249	0.815	0.553	0.493
229.25	1.077	0.848	0.530	0.488
229.50	1.077	0.841	0.509	0.488
229.75	1.077	0.860	0.507	0.488
230.00	1.077	0.865	0.504	0.488
230.25	1.077	0.866	0.504	0.488
230.50	1.077	0.857	0.504	0.493
230.75	1.077	0.851	0.504	0.493
231.00	1.077	0.863	0.501	0.488
231.25	1.104	0.897	0.518	0.491
231.50	1.104	0.842	0.542	0.500
231.75	1.131	0.826	0.538	0.502
232.00	1.131	0.825	0.530	0.498
232.25	1.131	0.858	0.520	0.498
232.50	1.131	0.835	0.514	0.493
232.75	1.104	0.834	0.508	0.495
233.00	1.104	0.845	0.505	0.495
233.25	3.353	0.342	0.189	0.148
233.50	3.353	0.324	0.189	0.148
233.75	3.353	0.364	0.197	0.148
234.00	2.964	0.404	0.188	0.215
234.25	3.271	0.456	0.207	0.241
234.50	3.353	0.488	0.163	0.741
234.75	3.353	0.496	0.163	0.806
235.00	1.765	0.299	0.430	0.315
235.25	2.493	0.231	0.201	0.326
235.50	2.046	0.229	0.339	0.361
235.75	3.353	0.268	0.465	0.148
236.00	3.353	0.413	0.730	0.148
236.25	3.353	0.422	0.733	0.148
236.50	3.353	0.401	0.736	0.148
236.75	3.353	0.287	0.738	0.148
237.00	3.353	0.241	0.743	0.148
237.25	3.353	0.273	0.546	0.852
237.50	3.353	0.621	0.165	0.852
237.75	3.353	0.631	0.171	0.852
238.00	3.353	0.722	0.150	0.236
238.25	3.353	0.749	0.150	0.213
238.50	3.353	0.754	0.150	0.222
238.75	3.353	0.774	0.150	0.208
239.00	3.353	0.757	0.150	0.181
239.25	3.353	0.734	0.150	0.148
239.50	3.353	0.582	0.150	0.148
239.75	3.192	0.375	0.156	0.625
240.00	2.752	0.686	0.768	0.306
240.25	2.964	0.680	0.753	0.285
240.50	2.556	0.657	0.779	0.299
240.75	2.685	0.667	0.767	0.282
241.00	2.556	0.592	0.781	0.303
241.25	2.964	0.510	0.818	0.238
241.50	3.353	0.508	0.384	0.852
241.75	3.353	0.417	0.850	0.255
242.00	3.353	0.637	0.736	0.148
242.25	3.353	0.489	0.850	0.213
242.50	3.353	0.442	0.402	0.801
242.75	1.077	0.858	0.530	0.484
243.00	1.051	0.877	0.522	0.491
243.25	1.025	0.874	0.509	0.488
243.50	1.025	0.878	0.507	0.493
243.75	1.051	0.889	0.514	0.491
244.00	1.051	0.862	0.520	0.491
244.25	1.025	0.876	0.507	0.488
244.50	1.051	0.878	0.512	0.486
244.75	1.025	0.883	0.504	0.493
245.00	1.025	0.859	0.501	0.493
245.25	1.025	0.862	0.501	0.493
245.50	1.025	0.873	0.501	0.488
245.75	1.051	0.869	0.507	0.491
246.00	1.051	0.873	0.507	0.491
246.25	1.051	0.876	0.507	0.491
246.50	1.051	0.876	0.507	0.491
246.75	1.051	0.869	0.504	0.491
247.00	1.051	0.863	0.504	0.491
247.25	1.051	0.863	0.504	0.491
247.50	1.051	0.871	0.501	0.491
247.75	1.051	0.870	0.501	0.495
248.00	1.051	0.866	0.501	0.491
248.25	1.077	0.870	0.509	0.488
248.50	1.077	0.872	0.517	0.488
248.75	1.104	0.865	0.518	0.486
249.00	1.104	0.855	0.521	0.486
249.25	1.077	0.855	0.533	0.493
249.50	1.077	0.855	0.535	0.493
249.75	1.077	0.853	0.535	0.488
250.00	1.104	0.828	0.547	0.486
250.25	1.131	0.820	0.553	0.484
250.50	1.131	0.837	0.556	0.484
250.75	1.104	0.833	0.547	0.491
251.00	1.104	0.845	0.544	0.491
251.25	1.104	0.863	0.510	0.491
251.50	1.131	0.860	0.517	0.484
251.75	1.104	0.862	0.508	0.491
252.00	1.104	0.859	0.503	0.491
252.25	1.104	0.854	0.503	0.491
252.50	1.104	0.865	0.503	0.491
252.75	1.413	0.830	0.497	0.493
253.00	1.448	0.873	0.501	0.493
253.25	1.413	0.831	0.497	0.493
253.50	1.413	0.830	0.497	0.493
253.75	1.413	0.833	0.497	0.493
254.00	1.000	0.861	0.500	0.500
254.25	1.000	0.857	0.500	0.500
254.50	1.000	0.874	0.500	0.500
254.75	1.025	0.875	0.509	0.488
255.00	1.000	0.874	0.500	0.500
255.25	1.000	0.870	0.500	0.500
255.50	1.000	0.865	0.500	0.500
255.75	1.000	0.862	0.500	0.500
256.00	1.000	0.853	0.500	0.500
256.25	1.000	0.863	0.500	0.500
256.50	1.000	0.869	0.500	0.500
256.75	3.353	0.365	0.238	0.176
257.00	3.353	0.370	0.189	0.176
257.25	3.353	0.380	0.197	0.171
257.50	3.353	0.366	0.207	0.171
257.75	3.353	0.363	0.215	0.167
258.00	3.271	0.371	0.217	0.167
258.25	3.353	0.366	0.225	0.162
258.50	3.353	0.347	0.228	0.157
258.75	3.353	0.341	0.233	0.157
259.00	3.353	0.345	0.236	0.153
259.25	3.353	0.351	0.691	0.306
259.50	3.353	0.363	0.691	0.306
259.75	3.353	0.358	0.694	0.310
260.00	3.271	0.353	0.702	0.301
260.25	3.353	0.369	0.699	0.301
260.50	3.353	0.369	0.678	0.852
260.75	3.353	0.338	0.691	0.333
261.00	2.373	0.437	0.227	0.539
261.25	3.353	0.461	0.454	0.616
261.50	3.353	0.454	0.457	0.616
261.75	3.353	0.434	0.163	0.523
262.00	2.493	0.515	0.203	0.201
262.25	2.493	0.525	0.203	0.201
262.50	2.493	0.528	0.203	0.201
262.75	2.493	0.526	0.203	0.201
263.00	2.493	0.526	0.203	0.201
263.25	2.493	0.523	0.203	0.201
263.50	1.077	0.846	0.530	0.484
263.75	1.077	0.845	0.535	0.493
264.00	1.077	0.844	0.535	0.493
264.25	1.077	0.842	0.530	0.493
264.50	1.051	0.830	0.517	0.491
264.75	1.000	0.847	0.500	0.500
265.00	1.051	0.845	0.514	0.491
265.25	1.051	0.852	0.522	0.491
265.50	1.077	0.844	0.535	0.493
265.75	1.077	0.848	0.533	0.493
266.00	1.077	0.844	0.535	0.498
266.25	1.104	0.843	0.539	0.495
266.50	1.077	0.849	0.535	0.493
266.75	1.104	0.827	0.547	0.495
267.00	1.104	0.824	0.547	0.495
267.25	1.104	0.844	0.542	0.495
267.50	1.077	0.840	0.522	0.493
267.75	1.051	0.834	0.507	0.495
268.00	1.051	0.832	0.507	0.495
268.25	1.025	0.806	0.496	0.498
268.50	1.025	0.791	0.496	0.498
268.75	1.025	0.795	0.496	0.498
269.00	1.051	0.817	0.501	0.495
269.25	1.051	0.845	0.504	0.495
269.50	1.051	0.839	0.501	0.495
269.75	1.077	0.843	0.509	0.493
270.00	1.077	0.843	0.507	0.493
270.25	1.077	0.847	0.507	0.493
270.50	1.104	0.860	0.521	0.495
270.75	1.104	0.859	0.526	0.495
271.00	1.104	0.861	0.523	0.495
271.25	1.104	0.860	0.518	0.495
271.50	1.104	0.857	0.510	0.495
271.75	1.077	0.874	0.504	0.498
272.00	1.104	0.895	0.510	0.500
272.25	1.104	0.887	0.510	0.495
272.50	1.131	0.859	0.522	0.493
272.75	1.104	0.859	0.534	0.495
273.00	1.104	0.852	0.544	0.495
273.25	1.131	0.857	0.546	0.488
273.50	1.104	0.855	0.542	0.495
273.75	1.131	0.856	0.538	0.493
274.00	1.131	0.854	0.538	0.493
274.25	1.160	0.858	0.525	0.491
274.50	1.131	0.862	0.522	0.493
274.75	1.160	0.863	0.525	0.491
275.00	1.189	0.848	0.535	0.495
275.25	1.189	0.854	0.538	0.495
275.50	1.189	0.857	0.538	0.495
275.75	3.353	0.405	0.163	0.394
276.00	3.353	0.406	0.163	0.394
276.25	3.353	0.405	0.163	0.394
276.50	3.271	0.408	0.155	0.394
276.75	3.353	0.405	0.163	0.394
277.00	3.353	0.406	0.163	0.394
277.25	3.353	0.406	0.163	0.394
277.50	3.353	0.408	0.158	0.394
277.75	3.353	0.407	0.158	0.394
278.00	3.353	0.406	0.158	0.394
278.25	3.353	0.406	0.158	0.394
278.50	3.271	0.407	0.158	0.394
278.75	3.353	0.553	0.301	0.319
279.00	3.353	0.550	0.301	0.319
279.25	3.353	0.546	0.301	0.319
279.50	3.353	0.542	0.298	0.315
279.75	3.271	0.539	0.298	0.319
280.00	3.271	0.538	0.298	0.319
280.25	3.271	0.536	0.298	0.319
280.50	3.271	0.536	0.296	0.315
280.75	3.271	0.535	0.296	0.315
281.00	3.271	0.534	0.296	0.315
281.25	3.271	0.533	0.296	0.315
281.50	3.271	0.531	0.296	0.315
281.75	3.271	0.531	0.296	0.319
282.00	1.051	0.824	0.525	0.500
282.25	1.051	0.811	0.525	0.500
282.50	1.051	0.816	0.525	0.505
282.75	1.051	0.845	0.522	0.500
283.00	1.025	0.873	0.504	0.502
283.25	1.051	0.864	0.514	0.500
283.50	1.051	0.841	0.525	0.500
283.75	1.077	0.805	0.535	0.502
284.00	1.104	0.794	0.547	0.500
284.25	1.104	0.800	0.544	0.500
284.50	1.051	0.840	0.525	0.505
284.75	1.051	0.868	0.514	0.505
285.00	1.077	0.888	0.507	0.498
285.25	1.077	0.869	0.525	0.507
285.50	1.104	0.821	0.547	0.505
285.75	1.104	0.829	0.539	0.500
286.00	1.077	0.837	0.535	0.507
286.25	1.077	0.830	0.533	0.507
286.50	3.192	0.401	0.810	0.356
286.75	2.892	0.414	0.816	0.350
287.00	3.353	0.413	0.405	0.282
287.25	3.353	0.314	0.509	0.852
287.50	2.752	0.196	0.378	0.644
287.75	3.353	0.276	0.329	0.148
288.00	3.353	0.308	0.319	0.148
288.25	3.353	0.312	0.316	0.148
288.50	3.353	0.315	0.319	0.148
288.75	3.353	0.318	0.319	0.148
289.00	3.353	0.310	0.316	0.148
289.25	3.353	0.294	0.316	0.148
289.50	2.964	0.258	0.268	0.215
289.75	2.964	0.251	0.268	0.215
290.00	2.892	0.261	0.270	0.197
290.25	3.353	0.272	0.322	0.148
290.50	3.353	0.423	0.665	0.167
290.75	3.271	0.428	0.665	0.167
291.00	3.271	0.425	0.668	0.167
291.25	3.271	0.420	0.668	0.167
291.50	3.271	0.411	0.668	0.167
291.75	3.271	0.407	0.668	0.162
292.00	3.271	0.403	0.671	0.157
292.25	3.271	0.400	0.668	0.157
292.50	3.271	0.398	0.671	0.153
292.75	3.271	0.387	0.671	0.153
293.00	3.271	0.388	0.673	0.153
293.25	3.114	0.473	0.309	0.160
293.50	3.114	0.474	0.309	0.160
293.75	3.114	0.474	0.309	0.160
294.00	3.114	0.473	0.309	0.164
294.25	3.114	0.472	0.309	0.164
294.50	3.114	0.472	0.311	0.164
294.75	3.114	0.471	0.311	0.164
295.00	3.114	0.471	0.311	0.164
295.25	3.114	0.470	0.311	0.164
295.50	3.114	0.470	0.311	0.164
295.75	3.114	0.468	0.311	0.164
296.00	3.114	0.467	0.316	0.160
296.25	3.114	0.466	0.316	0.160
296.50	3.114	0.463	0.316	0.160
296.75	3.114	0.461	0.316	0.160
297.00	3.114	0.459	0.316	0.160
297.25	3.114	0.456	0.316	0.160
297.50	3.114	0.454	0.316	0.160
297.75	3.114	0.452	0.316	0.160
298.00	3.114	0.451	0.316	0.164
298.25	3.114	0.450	0.316	0.164
298.50	3.114	0.448	0.316	0.164
298.75	1.131	0.836	0.556	0.493
299.00	1.077	0.842	0.533	0.498
299.25	1.000	0.850	0.500	0.500
299.50	1.000	0.855	0.500	0.500
299.75	1.104	0.875	0.531	0.505
300.00	1.131	0.831	0.556	0.507
300.25	1.131	0.830	0.559	0.502
300.50	1.131	0.832	0.553	0.502
300.75	1.104	0.858	0.547	0.509
301.00	1.104	0.872	0.529	0.500
301.25	1.077	0.872	0.520	0.498
301.50	1.077	0.877	0.514	0.498
301.75	1.077	0.876	0.514	0.498
302.00	1.077	0.879	0.512	0.493
302.25	1.077	0.884	0.520	0.498
302.50	1.077	0.881	0.517	0.498
302.75	1.104	0.886	0.521	0.495
303.00	1.104	0.888	0.534	0.500
303.25	1.104	0.889	0.534	0.500
303.50	1.104	0.891	0.531	0.500
303.75	1.131	0.881	0.527	0.498
304.00	1.131	0.883	0.527	0.498
304.25	1.131	0.885	0.530	0.498
304.50	1.131	0.888	0.522	0.493
304.75	1.131	0.886	0.520	0.498
305.00	1.379	0.879	0.527	0.498
305.25	1.485	0.792	0.566	0.505
305.50	1.639	0.739	0.591	0.509
305.75	1.485	0.741	0.613	0.500
306.00	1.485	0.743	0.621	0.500
306.25	3.353	0.349	0.694	0.306
306.50	3.353	0.349	0.691	0.301
306.75	3.353	0.364	0.691	0.310
307.00	3.353	0.356	0.694	0.310
307.25	3.271	0.349	0.699	0.306
307.50	3.038	0.371	0.383	0.484
307.75	3.353	0.357	0.671	0.852
308.00	2.892	0.367	0.382	0.493
308.25	3.353	0.350	0.702	0.333
308.50	2.964	0.397	0.234	0.539
308.75	3.192	0.468	0.169	0.523
309.00	3.353	0.463	0.452	0.616
309.25	1.131	0.812	0.556	0.484
309.50	1.131	0.803	0.559	0.488
309.75	1.189	0.741	0.579	0.495
310.00	1.218	0.718	0.590	0.498
310.25	1.218	0.727	0.590	0.493
310.50	1.189	0.756	0.579	0.481
310.75	1.131	0.803	0.556	0.479
311.00	1.104	0.805	0.547	0.481
311.25	1.131	0.799	0.553	0.475
311.50	1.131	0.796	0.556	0.475
311.75	1.131	0.780	0.559	0.475
312.00	1.218	0.710	0.590	0.502
312.25	1.218	0.697	0.590	0.507
312.50	1.131	0.767	0.559	0.479
312.75	1.051	0.791	0.525	0.491
313.00	1.051	0.782	0.525	0.495
313.25	1.160	0.735	0.569	0.491
313.50	1.160	0.731	0.569	0.495
313.75	1.345	0.770	0.477	0.493
314.00	1.249	0.725	0.564	0.498
314.25	1.765	0.687	0.557	0.505
314.50	1.131	0.732	0.507	0.493
314.75	1.345	0.757	0.565	0.488
315.00	1.809	0.704	0.565	0.516
315.25	1.413	0.763	0.570	0.488
315.50	1.000	0.899	0.500	0.500
315.75	1.000	0.883	0.500	0.500
316.00	1.000	0.877	0.500	0.500
316.25	1.051	0.882	0.512	0.505
316.50	1.051	0.892	0.512	0.500
316.75	1.051	0.892	0.507	0.500
317.00	1.077	0.888	0.522	0.507
317.25	1.051	0.884	0.507	0.505
317.50	1.077	0.873	0.517	0.498
317.75	1.104	0.881	0.521	0.495
318.00	1.077	0.888	0.533	0.502
318.25	1.131	0.868	0.546	0.498
318.50	1.131	0.874	0.543	0.498
318.75	1.104	0.871	0.531	0.500
319.00	1.131	0.852	0.538	0.493
319.25	1.218	0.735	0.590	0.512
319.50	1.312	0.704	0.613	0.507
319.75	1.280	0.724	0.609	0.512
320.00	1.249	0.767	0.590	0.498
320.25	2.964	0.498	0.302	0.289
320.50	2.964	0.498	0.302	0.289
320.75	2.892	0.496	0.301	0.285
321.00	2.964	0.500	0.305	0.289
321.25	2.964	0.496	0.305	0.289
321.50	2.964	0.495	0.307	0.289
321.75	2.964	0.498	0.307	0.289
322.00	3.038	0.496	0.310	0.294
322.25	2.964	0.497	0.310	0.289
322.50	1.051	0.840	0.525	0.495
322.75	1.051	0.828	0.525	0.495
323.00	1.051	0.847	0.522	0.491
323.25	1.051	0.861	0.522	0.486
323.50	1.051	0.855	0.522	0.486
323.75	1.051	0.860	0.522	0.486
324.00	1.051	0.854	0.520	0.486
324.25	1.051	0.856	0.520	0.486
324.50	1.000	0.830	0.500	0.500
324.75	1.000	0.850	0.500	0.500
325.00	3.038	0.306	0.664	0.257
325.25	2.493	0.309	0.716	0.609
325.50	1.948	0.365	0.309	0.336
325.75	1.948	0.359	0.306	0.336
326.00	1.996	0.379	0.307	0.329
326.25	3.038	0.345	0.654	0.197
326.50	2.433	0.290	0.622	0.544
326.75	3.353	0.389	0.176	0.398
327.00	3.353	0.400	0.178	0.370
327.25	3.353	0.436	0.181	0.394
327.50	3.271	0.308	0.303	0.403
327.75	1.051	0.840	0.525	0.491
328.00	1.051	0.836	0.525	0.495
328.25	1.051	0.833	0.525	0.495
328.50	1.077	0.835	0.525	0.488
328.75	1.051	0.845	0.525	0.495
329.00	1.051	0.847	0.525	0.495
329.25	1.077	0.836	0.533	0.493
329.50	1.025	0.802	0.499	0.498
329.75	1.025	0.874	0.499	0.498
330.00	1.077	0.863	0.517	0.493
330.25	1.077	0.863	0.527	0.498
330.50	1.077	0.865	0.533	0.488
330.75	1.104	0.866	0.523	0.491
331.00	1.077	0.855	0.533	0.498
331.25	1.051	0.861	0.499	0.500
331.50	1.051	0.875	0.499	0.500
331.75	1.077	0.880	0.504	0.498
332.00	1.077	0.876	0.504	0.498
332.25	1.077	0.880	0.501	0.498
332.50	1.077	0.880	0.499	0.498
332.75	1.077	0.874	0.499	0.498
333.00	1.104	0.884	0.505	0.495
333.25	1.104	0.876	0.505	0.495
333.50	1.025	0.856	0.512	0.493
333.75	1.000	0.875	0.500	0.500
334.00	1.000	0.872	0.500	0.500
334.25	1.000	0.879	0.500	0.500
334.50	1.000	0.865	0.500	0.500
334.75	1.000	0.871	0.500	0.500
335.00	1.000	0.872	0.500	0.500
335.25	1.000	0.857	0.500	0.500
335.50	1.000	0.876	0.500	0.500
335.75	1.000	0.874	0.500	0.500
336.00	1.000	0.871	0.500	0.500
336.25	1.000	0.867	0.500	0.500
336.50	1.025	0.863	0.512	0.493
336.75	1.051	0.860	0.520	0.486
337.00	1.189	0.874	0.517	0.491
337.25	1.189	0.867	0.517	0.491
337.50	1.189	0.864	0.517	0.491
337.75	1.189	0.866	0.514	0.486
338.00	2.259	0.398	0.271	0.287
338.25	2.259	0.396	0.271	0.287
338.50	2.098	0.393	0.259	0.271
338.75	2.259	0.392	0.268	0.287
339.00	2.259	0.393	0.268	0.287
339.25	2.259	0.391	0.268	0.287
339.50	2.315	0.387	0.271	0.285
339.75	2.098	0.385	0.257	0.271
340.00	2.259	0.384	0.268	0.287
340.25	2.259	0.381	0.268	0.287
340.50	2.098	0.380	0.257	0.266
340.75	1.051	0.843	0.525	0.495
341.00	1.051	0.848	0.520	0.500
341.25	1.025	0.872	0.507	0.502
341.50	1.025	0.879	0.504	0.502
341.75	1.077	0.878	0.522	0.502
342.00	1.131	0.852	0.548	0.498
342.25	1.131	0.844	0.559	0.502
342.50	1.131	0.859	0.553	0.502
342.75	1.131	0.873	0.538	0.493
343.00	3.114	0.631	0.767	0.243
343.25	3.038	0.642	0.768	0.248
343.50	3.038	0.666	0.771	0.248
343.75	3.114	0.670	0.772	0.252
344.00	3.114	0.648	0.772	0.248
344.25	2.752	0.633	0.779	0.259
344.50	3.353	0.669	0.749	0.245
344.75	3.353	0.660	0.749	0.241
345.00	3.353	0.665	0.749	0.241
345.25	3.353	0.673	0.749	0.236
345.50	3.353	0.663	0.738	0.241
345.75	2.964	0.637	0.781	0.225
346.00	3.038	0.635	0.781	0.225
346.25	2.373	0.475	0.630	0.535
346.50	2.373	0.478	0.628	0.530
346.75	2.373	0.483	0.628	0.525
347.00	2.315	0.486	0.622	0.521
347.25	2.315	0.488	0.620	0.521
347.50	2.373	0.487	0.625	0.530
347.75	2.373	0.495	0.625	0.521
348.00	2.315	0.487	0.620	0.507
348.25	3.271	0.463	0.600	0.556
348.50	2.315	0.498	0.620	0.507
348.75	2.620	0.462	0.647	0.306
349.00	2.620	0.439	0.645	0.292
349.25	1.000	0.854	0.500	0.500
349.50	1.000	0.868	0.500	0.500
349.75	1.000	0.863	0.500	0.500
350.00	1.000	0.857	0.500	0.500
350.25	1.000	0.844	0.500	0.500
350.50	1.025	0.845	0.501	0.498
350.75	1.025	0.828	0.499	0.498
351.00	1.025	0.851	0.499	0.498
351.25	1.025	0.852	0.499	0.498
351.50	1.025	0.847	0.499	0.498
351.75	1.025	0.846	0.496	0.498
352.00	1.025	0.838	0.496	0.498
352.25	2.493	0.400	0.685	0.549
352.50	2.493	0.396	0.685	0.549
352.75	2.433	0.397	0.688	0.530
353.00	2.493	0.398	0.688	0.549
353.25	2.556	0.395	0.688	0.549
353.50	2.433	0.395	0.690	0.530
353.75	2.433	0.395	0.690	0.530
354.00	2.821	0.396	0.654	0.178
354.25	2.821	0.395	0.654	0.178
354.50	2.433	0.393	0.693	0.530
354.75	2.493	0.394	0.221	0.363
355.00	1.280	0.441	0.609	0.488
355.25	1.280	0.440	0.607	0.488
355.50	1.280	0.438	0.607	0.488
355.75	1.280	0.437	0.604	0.488
356.00	1.280	0.437	0.604	0.488
356.25	1.249	0.437	0.600	0.493
356.50	1.249	0.438	0.600	0.488
356.75	1.249	0.439	0.600	0.488
357.00	1.249	0.439	0.600	0.488
357.25	1.249	0.439	0.600	0.488
357.50	1.249	0.440	0.600	0.488
357.75	1.249	0.439	0.600	0.488
358.00	1.000	0.890	0.500	0.500
358.25	1.000	0.881	0.500	0.500
358.50	1.000	0.876	0.500	0.500
358.75	1.000	0.872	0.500	0.500
359.00	1.000	0.864	0.500	0.500
359.25	1.025	0.849	0.507	0.498
359.50	1.051	0.851	0.514	0.495
359.75	1.051	0.852	0.512	0.495
360.00	1.051	0.855	0.512	0.495
360.25	1.051	0.864	0.514	0.500
360.50	1.077	0.875	0.520	0.498
360.75	1.077	0.879	0.520	0.498
361.00	1.025	0.870	0.496	0.498
361.25	1.051	0.878	0.501	0.495
361.50	1.051	0.893	0.504	0.500
361.75	1.051	0.895	0.504	0.500
362.00	1.051	0.878	0.501	0.500
362.25	1.077	0.876	0.509	0.498
362.50	1.131	0.857	0.525	0.493
362.75	1.131	0.843	0.533	0.493
363.00	1.131	0.829	0.543	0.493
363.25	1.160	0.836	0.535	0.491
363.50	1.077	0.862	0.501	0.498
363.75	1.077	0.834	0.501	0.498
364.00	1.077	0.841	0.499	0.498
364.25	1.077	0.850	0.499	0.498
364.50	1.077	0.846	0.499	0.498
364.75	1.077	0.831	0.499	0.498
365.00	1.077	0.846	0.499	0.498
365.25	1.104	0.854	0.503	0.495
365.50	1.104	0.842	0.503	0.495
365.75	3.353	0.317	0.259	0.852
366.00	3.353	0.319	0.259	0.852
366.25	3.353	0.333	0.259	0.852
366.50	3.353	0.334	0.259	0.852
366.75	3.353	0.337	0.259	0.852
367.00	3.353	0.337	0.259	0.852
367.25	3.353	0.336	0.259	0.852
367.50	3.353	0.337	0.259	0.852
367.75	3.353	0.335	0.259	0.852
368.00	1.000	0.874	0.500	0.500
368.25	1.000	0.886	0.500	0.500
368.50	1.000	0.891	0.500	0.500
368.75	1.000	0.886	0.500	0.500
369.00	1.000	0.874	0.500	0.500
369.25	1.000	0.871	0.500	0.500
369.50	1.000	0.858	0.500	0.500
369.75	1.025	0.878	0.501	0.498
370.00	1.025	0.878	0.501	0.498
370.25	1.025	0.867	0.499	0.498
370.50	1.025	0.853	0.499	0.498
370.75	1.025	0.864	0.499	0.498
371.00	1.025	0.835	0.501	0.498
371.25	1.077	0.855	0.520	0.493
371.50	1.025	0.860	0.499	0.498
371.75	1.025	0.810	0.496	0.498
372.00	1.025	0.806	0.496	0.498
372.25	1.025	0.800	0.496	0.498
372.50	1.051	0.791	0.501	0.500
372.75	1.051	0.782	0.501	0.500
373.00	1.051	0.773	0.501	0.500
373.25	1.051	0.784	0.499	0.500
373.50	1.051	0.791	0.499	0.500
373.75	1.051	0.857	0.499	0.500
374.00	1.160	0.844	0.543	0.495
374.25	1.189	0.794	0.553	0.491
374.50	1.189	0.813	0.553	0.486
374.75	1.104	0.889	0.518	0.491
375.00	1.104	0.896	0.518	0.491
375.25	1.104	0.896	0.513	0.491
375.50	1.104	0.900	0.510	0.495
375.75	1.077	0.887	0.501	0.502
376.00	1.077	0.907	0.499	0.502
376.25	1.104	0.893	0.510	0.495
376.50	1.131	0.871	0.535	0.493
376.75	1.189	0.815	0.559	0.500
377.00	1.218	0.798	0.561	0.498
377.25	1.218	0.834	0.556	0.493
377.50	1.189	0.853	0.548	0.495
377.75	2.620	0.473	0.809	0.718
378.00	2.620	0.456	0.809	0.722
378.25	2.964	0.433	0.789	0.720
378.50	3.038	0.404	0.786	0.715
378.75	3.271	0.368	0.467	0.153
379.00	3.353	0.390	0.389	0.727
379.25	3.353	0.404	0.387	0.731
379.50	1.379	0.887	0.504	0.442
379.75	1.379	0.837	0.525	0.442
380.00	1.413	0.822	0.534	0.442
380.25	1.448	0.819	0.540	0.442
380.50	1.448	0.798	0.548	0.447
380.75	1.448	0.828	0.553	0.447
381.00	1.448	0.850	0.543	0.447
381.25	1.448	0.874	0.522	0.442
381.50	1.379	0.894	0.501	0.442
381.75	1.131	0.758	0.559	0.498
382.00	1.131	0.747	0.559	0.498
382.25	1.131	0.761	0.559	0.498
382.50	1.131	0.771	0.559	0.498
382.75	1.131	0.800	0.559	0.498
383.00	1.051	0.865	0.522	0.500
383.25	1.051	0.856	0.522	0.495
383.50	1.051	0.854	0.522	0.500
383.75	1.051	0.858	0.522	0.495
384.00	1.051	0.858	0.522	0.495
384.25	1.560	0.878	0.521	0.435
384.50	1.560	0.869	0.518	0.435
384.75	1.560	0.870	0.518	0.435
385.00	1.560	0.860	0.518	0.435
385.25	1.560	0.858	0.518	0.435
385.50	1.522	0.857	0.521	0.440
385.75	1.560	0.869	0.521	0.435
386.00	1.560	0.870	0.521	0.435
386.25	3.353	0.669	0.285	0.454
386.50	1.948	0.676	0.257	0.447
386.75	1.996	0.689	0.253	0.444
387.00	1.996	0.673	0.253	0.440
387.25	3.038	0.674	0.271	0.451
387.50	1.189	0.684	0.579	0.500
387.75	1.345	0.729	0.583	0.447
388.00	1.379	0.712	0.600	0.451
388.25	1.413	0.687	0.604	0.447
388.50	1.448	0.685	0.605	0.456
388.75	1.448	0.694	0.603	0.456
389.00	2.821	0.729	0.224	0.438
389.25	3.114	0.732	0.173	0.447
389.50	3.038	0.736	0.177	0.447
389.75	1.160	0.739	0.569	0.495
390.00	1.218	0.703	0.590	0.488
390.25	3.353	0.705	0.285	0.458
390.50	3.353	0.698	0.285	0.458
390.75	3.353	0.692	0.285	0.458
391.00	3.353	0.699	0.285	0.458
391.25	1.189	0.717	0.579	0.500
391.50	1.000	0.828	0.500	0.500
391.75	1.000	0.839	0.500	0.500
392.00	1.000	0.830	0.500	0.500
392.25	1.000	0.827	0.500	0.500
392.50	1.025	0.845	0.499	0.498
392.75	1.025	0.877	0.499	0.498
393.00	1.025	0.878	0.499	0.502
393.25	1.051	0.885	0.507	0.500
393.50	1.025	0.868	0.496	0.502
393.75	1.051	0.848	0.501	0.500
394.00	1.051	0.790	0.501	0.500
394.25	1.051	0.798	0.499	0.500
394.50	1.051	0.798	0.499	0.500
394.75	1.051	0.824	0.496	0.500
395.00	1.051	0.858	0.496	0.500
395.25	1.051	0.863	0.493	0.500
395.50	1.077	0.882	0.499	0.502
395.75	1.104	0.892	0.510	0.500
396.00	1.131	0.894	0.517	0.498
396.25	1.104	0.897	0.503	0.500
396.50	2.964	0.459	0.734	0.590
396.75	2.892	0.456	0.736	0.586
397.00	2.892	0.454	0.736	0.586
397.25	2.964	0.453	0.734	0.590
397.50	2.964	0.453	0.734	0.590
397.75	2.964	0.451	0.734	0.586
398.00	2.964	0.449	0.734	0.586
398.25	2.964	0.449	0.734	0.586
398.50	2.964	0.448	0.734	0.586
398.75	2.964	0.447	0.734	0.586
399.00	3.353	0.604	0.397	0.426
399.25	2.964	0.563	0.385	0.419
399.50	2.964	0.562	0.372	0.424
399.75	3.038	0.558	0.362	0.424
400.00	3.038	0.535	0.354	0.424
400.25	3.038	0.512	0.344	0.424
400.50	3.353	0.481	0.332	0.431
400.75	3.353	0.427	0.311	0.431
401.00	3.038	0.374	0.680	0.262
401.25	3.114	0.364	0.611	0.840
401.50	3.353	0.416	0.605	0.843
401.75	3.353	0.413	0.608	0.852
402.00	3.114	0.447	0.316	0.428
402.25	3.114	0.483	0.327	0.428
402.50	3.114	0.506	0.345	0.428
402.75	3.114	0.523	0.361	0.424
403.00	2.493	0.486	0.385	0.414
403.25	3.114	0.547	0.423	0.419
403.50	3.353	0.477	0.426	0.417
403.75	3.353	0.405	0.434	0.417
404.00	3.038	0.360	0.828	0.618
404.25	3.038	0.310	0.828	0.618
404.50	3.038	0.287	0.164	0.377
404.75	3.353	0.289	0.215	0.273
405.00	3.353	0.295	0.215	0.273
405.25	2.685	0.318	0.194	0.324
405.50	2.685	0.321	0.191	0.319
405.75	3.353	0.335	0.176	0.366
406.00	3.114	0.321	0.160	0.350
406.25	2.373	0.343	0.216	0.340
406.50	3.038	0.421	0.568	0.465
406.75	3.038	0.451	0.576	0.470
407.00	3.038	0.436	0.576	0.465
407.25	3.353	0.441	0.579	0.477
407.50	3.192	0.456	0.172	0.361
407.75	3.192	0.437	0.169	0.361
408.00	3.192	0.411	0.586	0.472
408.25	1.000	0.869	0.500	0.500
408.50	1.000	0.876	0.500	0.500
408.75	1.025	0.872	0.512	0.498
409.00	1.051	0.880	0.520	0.495
409.25	1.051	0.873	0.522	0.495
409.50	1.104	0.811	0.542	0.495
409.75	1.104	0.775	0.542	0.500
410.00	1.131	0.735	0.548	0.498
410.25	1.131	0.766	0.546	0.493
410.50	1.077	0.872	0.522	0.488
410.75	1.025	0.862	0.499	0.498
411.00	1.025	0.851	0.496	0.498
411.25	1.051	0.847	0.501	0.495
411.50	1.051	0.861	0.501	0.500
411.75	1.051	0.865	0.501	0.500
412.00	1.051	0.857	0.499	0.500
412.25	1.051	0.872	0.499	0.500
412.50	1.051	0.912	0.499	0.500
412.75	1.077	0.896	0.509	0.502
413.00	1.104	0.877	0.516	0.500
413.25	1.104	0.845	0.526	0.500
413.50	1.104	0.831	0.531	0.500
413.75	1.077	0.841	0.499	0.502
414.00	1.077	0.838	0.499	0.502
414.25	1.077	0.850	0.499	0.502
414.50	1.077	0.865	0.499	0.502
414.75	1.104	0.880	0.503	0.500
415.00	1.104	0.883	0.505	0.500
415.25	2.964	0.321	0.617	0.465
415.50	2.964	0.338	0.656	0.188
415.75	3.271	0.329	0.645	0.176
416.00	3.271	0.322	0.645	0.176
416.25	3.038	0.323	0.643	0.164
416.50	3.038	0.317	0.646	0.164
416.75	3.353	0.319	0.150	0.148
417.00	3.353	0.325	0.150	0.148
417.25	3.353	0.344	0.150	0.148
417.50	2.964	0.279	0.828	0.581
417.75	3.114	0.275	0.733	0.201
418.00	3.114	0.282	0.733	0.201
418.25	3.114	0.286	0.733	0.211
418.50	3.114	0.285	0.733	0.201
418.75	3.114	0.286	0.733	0.197
419.00	3.114	0.284	0.730	0.206
419.25	3.271	0.353	0.725	0.208
419.50	3.271	0.347	0.728	0.208
419.75	3.271	0.339	0.728	0.208
420.00	3.271	0.335	0.728	0.208
420.25	3.192	0.334	0.729	0.208
420.50	3.353	0.342	0.723	0.204
420.75	3.353	0.350	0.723	0.208
421.00	3.353	0.341	0.723	0.208
421.25	3.353	0.332	0.723	0.208
421.50	2.892	0.328	0.827	0.586
421.75	1.000	0.816	0.500	0.500
422.00	1.000	0.840	0.500	0.500
422.25	1.000	0.827	0.500	0.500
422.50	1.000	0.798	0.500	0.500
422.75	1.051	0.781	0.475	0.495
423.00	1.000	0.792	0.500	0.500
423.25	1.000	0.819	0.500	0.500
423.50	1.025	0.820	0.504	0.502
423.75	1.104	0.793	0.529	0.505
424.00	1.131	0.772	0.553	0.507
424.25	1.160	0.748	0.569	0.505
424.50	1.025	0.826	0.501	0.502
424.75	1.025	0.829	0.501	0.502
425.00	1.077	0.812	0.520	0.502
425.25	1.131	0.793	0.535	0.502
425.50	1.160	0.762	0.564	0.509
425.75	1.189	0.752	0.572	0.509
426.00	1.189	0.760	0.569	0.509
426.25	1.160	0.774	0.559	0.509
426.50	1.131	0.805	0.533	0.507
426.75	1.077	0.827	0.512	0.502
427.00	1.051	0.848	0.501	0.500
427.25	1.051	0.834	0.499	0.500
427.50	1.131	0.796	0.546	0.507
427.75	1.160	0.788	0.553	0.509
428.00	1.160	0.781	0.559	0.509
428.25	1.077	0.918	0.504	0.498
428.50	1.104	0.905	0.518	0.495
428.75	1.104	0.918	0.513	0.495
429.00	1.104	0.921	0.510	0.500
429.25	1.077	0.926	0.504	0.502
429.50	1.077	0.889	0.501	0.498
429.75	1.104	0.898	0.510	0.491
430.00	1.131	0.886	0.517	0.484
430.25	1.131	0.878	0.522	0.493
430.50	1.104	0.862	0.531	0.495
430.75	1.160	0.853	0.527	0.491
431.00	1.131	0.844	0.535	0.498
431.25	1.160	0.850	0.527	0.491
431.50	1.160	0.861	0.525	0.491
431.75	3.271	0.389	0.288	0.745
432.00	2.964	0.492	0.294	0.701
432.25	3.353	0.460	0.293	0.681
432.50	3.038	0.323	0.750	0.354
432.75	2.964	0.450	0.753	0.336
433.00	3.353	0.546	0.475	0.333
433.25	3.353	0.568	0.163	0.491
433.50	3.114	0.584	0.171	0.498
433.75	3.353	0.629	0.230	0.505
434.00	3.114	0.650	0.285	0.516
434.25	3.114	0.627	0.189	0.493
434.50	2.433	0.720	0.227	0.530
434.75	1.051	0.805	0.525	0.505
435.00	1.025	0.843	0.512	0.502
435.25	1.025	0.847	0.509	0.502
435.50	1.025	0.840	0.509	0.498
435.75	1.051	0.812	0.520	0.500
436.00	1.077	0.775	0.535	0.498
436.25	1.077	0.775	0.535	0.498
436.50	1.077	0.789	0.535	0.498
436.75	1.077	0.791	0.535	0.498
437.00	1.077	0.781	0.535	0.498
437.25	1.104	0.761	0.547	0.491
437.50	1.104	0.763	0.547	0.491
437.75	1.104	0.765	0.547	0.495
438.00	1.104	0.764	0.547	0.495
438.25	1.077	0.769	0.535	0.502
438.50	1.077	0.797	0.535	0.502
438.75	1.077	0.817	0.533	0.498
439.00	1.077	0.816	0.525	0.502
439.25	1.077	0.811	0.522	0.502
439.50	1.051	0.842	0.499	0.500
439.75	1.077	0.851	0.501	0.498
440.00	1.077	0.850	0.501	0.498
440.25	1.077	0.867	0.501	0.498
440.50	1.077	0.872	0.501	0.498
440.75	1.077	0.855	0.501	0.498
441.00	1.131	0.844	0.520	0.498
441.25	1.131	0.852	0.520	0.498
441.50	1.131	0.850	0.517	0.498
441.75	3.353	0.396	0.207	0.718
442.00	2.964	0.351	0.182	0.734
442.25	3.271	0.423	0.410	0.727
442.50	3.271	0.433	0.410	0.713
442.75	3.271	0.429	0.418	0.685
443.00	3.271	0.444	0.413	0.681
443.25	3.271	0.421	0.405	0.690
443.50	3.353	0.388	0.405	0.676
443.75	3.114	0.382	0.770	0.160
444.00	3.114	0.358	0.785	0.160
444.25	3.038	0.330	0.766	0.164
444.50	2.821	0.337	0.763	0.178
444.75	2.821	0.368	0.763	0.178
445.00	1.025	0.855	0.512	0.493
445.25	1.025	0.859	0.512	0.498
445.50	1.025	0.868	0.509	0.498
445.75	1.000	0.869	0.500	0.500
446.00	1.000	0.863	0.500	0.500
446.25	1.051	0.838	0.525	0.500
446.50	1.077	0.804	0.535	0.493
446.75	1.077	0.799	0.535	0.493
447.00	1.051	0.809	0.525	0.495
447.25	1.051	0.828	0.525	0.500
447.50	1.051	0.847	0.520	0.495
447.75	1.051	0.842	0.525	0.495
448.00	1.051	0.816	0.525	0.495
448.25	1.077	0.808	0.535	0.493
448.50	1.077	0.812	0.535	0.498
448.75	1.077	0.815	0.533	0.493
449.00	1.077	0.833	0.522	0.493
449.25	1.051	0.853	0.525	0.500
449.50	1.051	0.857	0.520	0.500
449.75	1.051	0.867	0.509	0.500
450.00	1.051	0.876	0.507	0.495
450.25	1.051	0.877	0.504	0.495
450.50	1.051	0.871	0.507	0.495
450.75	1.077	0.836	0.535	0.498
451.00	1.104	0.805	0.539	0.500
451.25	1.077	0.836	0.533	0.498
451.50	1.312	0.795	0.540	0.502
451.75	1.345	0.760	0.547	0.502
452.00	1.345	0.766	0.549	0.498
452.25	1.345	0.756	0.547	0.502
452.50	1.345	0.785	0.547	0.502
452.75	1.379	0.735	0.548	0.502
453.00	1.379	0.754	0.548	0.493
453.25	1.345	0.785	0.547	0.493
453.50	1.280	0.826	0.531	0.502
453.75	1.000	0.861	0.500	0.500
454.00	1.051	0.835	0.522	0.495
454.25	1.104	0.812	0.547	0.491
454.50	1.131	0.803	0.559	0.498
454.75	1.131	0.790	0.559	0.498
455.00	1.104	0.819	0.547	0.500
455.25	1.077	0.859	0.533	0.498
455.50	1.000	0.897	0.500	0.500
455.75	1.000	0.894	0.500	0.500
456.00	1.000	0.898	0.500	0.500
456.25	1.051	0.872	0.522	0.500
456.50	1.025	0.880	0.512	0.498
456.75	1.025	0.877	0.512	0.498
457.00	1.025	0.879	0.512	0.498
457.25	1.025	0.880	0.512	0.498
457.50	1.051	0.872	0.522	0.495
457.75	1.051	0.876	0.522	0.500
458.00	1.025	0.881	0.512	0.498
458.25	1.025	0.884	0.512	0.498
458.50	1.051	0.879	0.520	0.495
458.75	1.025	0.879	0.512	0.498
459.00	1.189	0.905	0.501	0.500
459.25	1.189	0.903	0.504	0.500
459.50	1.189	0.900	0.504	0.500
459.75	1.189	0.897	0.504	0.500
460.00	1.189	0.880	0.501	0.500
460.25	1.160	0.727	0.569	0.500
460.50	2.620	0.729	0.293	0.458
460.75	1.160	0.731	0.569	0.495
461.00	1.131	0.745	0.559	0.498
461.25	1.131	0.761	0.556	0.493
461.50	1.131	0.784	0.551	0.488
461.75	1.104	0.806	0.547	0.495
462.00	1.077	0.826	0.535	0.498
462.25	1.025	0.804	0.499	0.498
462.50	1.025	0.809	0.499	0.498
462.75	1.025	0.857	0.501	0.498
463.00	1.025	0.862	0.504	0.502
463.25	1.025	0.867	0.499	0.498
463.50	1.077	0.824	0.520	0.498
463.75	1.077	0.849	0.514	0.498
464.00	1.051	0.867	0.507	0.500
464.25	1.025	0.866	0.499	0.502
464.50	1.025	0.866	0.499	0.502
464.75	1.051	0.868	0.504	0.500
465.00	1.051	0.870	0.504	0.500
465.25	1.051	0.868	0.504	0.500
465.50	1.077	0.857	0.512	0.498
